leonardo-a.wav,"leonardo"
londes-a.wav,"londes"
cannata-a.wav,"cannata"
jacobsson-a.wav,"jacobsson"
thunder-a.wav,"thunder"
dan-a.wav,"dan"
randall-a.wav,"randall"
dog-a.wav,"dog"
cripps-a.wav,"cripps"
pommer-a.wav,"pommer"
sopu-a.wav,"sopu"
stickle-a.wav,"stickle"
tambay-a.wav,"tambay"
superstar-a.wav,"superstar"
triska-a.wav,"triska"
shaer-a.wav,"shaer"
pio-a.wav,"pio"
reavis-a.wav,"reavis"
mas-a.wav,"mas"
wilson-a.wav,"wilson"
corvete-a.wav,"corvete"
hew-a.wav,"hew"
corbyn-a.wav,"corbyn"
raymer-a.wav,"raymer"
lyton-a.wav,"lyton"
teron-a.wav,"teron"
ahmadi-a.wav,"ahmadi"
cho-a.wav,"cho"
mcauley-a.wav,"mcauley"
kottila-a.wav,"kottila"
tabea-a.wav,"tabea"
person-a.wav,"person"
meisel-a.wav,"meisel"
polini-a.wav,"polini"
paquet-a.wav,"paquet"
melgarejo-a.wav,"melgarejo"
van der sterren-a.wav,"van der sterren"
hoy-a.wav,"hoy"
donati-a.wav,"donati"
saw-a.wav,"saw"
de angelis-a.wav,"de angelis"
wendlinger-a.wav,"wendlinger"
petri-a.wav,"petri"
steer-a.wav,"steer"
teglhus-a.wav,"teglhus"
caio-a.wav,"caio"
adrian-a.wav,"adrian"
zarinskas-a.wav,"zarinskas"
jain-a.wav,"jain"
smartin-a.wav,"smartin"
bearden-a.wav,"bearden"
speelman-a.wav,"speelman"
flores-a.wav,"flores"
cleese-a.wav,"cleese"
leiva-a.wav,"leiva"
harrison-a.wav,"harrison"
burris-a.wav,"burris"
payton-a.wav,"payton"
petro-a.wav,"petro"
siegwart-a.wav,"siegwart"
gries-a.wav,"gries"
morrow-a.wav,"morrow"
kless-a.wav,"kless"
corsa-a.wav,"corsa"
pollock-a.wav,"pollock"
doege-a.wav,"doege"
lau-a.wav,"lau"
weinberger-a.wav,"weinberger"
mendenhall-a.wav,"mendenhall"
schaller-a.wav,"schaller"
hodges-a.wav,"hodges"
morales-a.wav,"morales"
marques-a.wav,"marques"
hertlein-a.wav,"hertlein"
lafoe-a.wav,"lafoe"
medina-a.wav,"medina"
terry-a.wav,"terry"
man-a.wav,"man"
lidstrom-a.wav,"lidstrom"
scholey-a.wav,"scholey"
gustafsson-a.wav,"gustafsson"
berg-a.wav,"berg"
inglesi-a.wav,"inglesi"
logan-a.wav,"logan"
alban-a.wav,"alban"
haley-a.wav,"haley"
pietsch-a.wav,"pietsch"
maru-a.wav,"maru"
carlos-a.wav,"carlos"
alonso-a.wav,"alonso"
lizard-a.wav,"lizard"
wayne-a.wav,"wayne"
hays-a.wav,"hays"
rühl-a.wav,"rühl"
arriaga-a.wav,"arriaga"
prin-a.wav,"prin"
michal-a.wav,"michal"
nolan-a.wav,"nolan"
staples-a.wav,"staples"
vella-a.wav,"vella"
nitros-a.wav,"nitros"
arias-a.wav,"arias"
paulo-a.wav,"paulo"
sommerfeld-a.wav,"sommerfeld"
carlile-a.wav,"carlile"
heller-a.wav,"heller"
barbosa-a.wav,"barbosa"
baldi-a.wav,"baldi"
strunk-a.wav,"strunk"
marabello-a.wav,"marabello"
len-a.wav,"len"
klein-a.wav,"klein"
vatn-a.wav,"vatn"
sprau-a.wav,"sprau"
zain-a.wav,"zain"
hoarty-a.wav,"hoarty"
thielen-a.wav,"thielen"
mauro-a.wav,"mauro"
mcdaniel-a.wav,"mcdaniel"
soler-a.wav,"soler"
nice-a.wav,"nice"
pfeiffer-a.wav,"pfeiffer"
basten-a.wav,"basten"
grayson-a.wav,"grayson"
skry-a.wav,"skry"
watts-a.wav,"watts"
neal-a.wav,"neal"
till-a.wav,"till"
sander-a.wav,"sander"
linette-a.wav,"linette"
angel-a.wav,"angel"
sweat-a.wav,"sweat"
mendes-a.wav,"mendes"
lavine-a.wav,"lavine"
burger-a.wav,"burger"
ahmadi-a.wav,"ahmadi"
pek-a.wav,"pek"
pete-a.wav,"pete"
luiz-a.wav,"luiz"
patrizi-a.wav,"patrizi"
werth-a.wav,"werth"
sauvage-a.wav,"sauvage"
robisnon-a.wav,"robisnon"
garceau-a.wav,"garceau"
kerr-a.wav,"kerr"
canadia-a.wav,"canadia"
gourley-a.wav,"gourley"
goldenberg-a.wav,"goldenberg"
dog-a.wav,"dog"
barros-a.wav,"barros"
adair-a.wav,"adair"
goulart-a.wav,"goulart"
hellmann-a.wav,"hellmann"
davidson-a.wav,"davidson"
soddington-a.wav,"soddington"
spâ-a.wav,"spâ"
pisciotta-a.wav,"pisciotta"
laybourne-a.wav,"laybourne"
padilla-a.wav,"padilla"
luker-a.wav,"luker"
hines-a.wav,"hines"
honaker-a.wav,"honaker"
houjinni-a.wav,"houjinni"
blech-a.wav,"blech"
chretien-a.wav,"chretien"
domineck-a.wav,"domineck"
forbesy-a.wav,"forbesy"
hass-a.wav,"hass"
ng-a.wav,"ng"
brooks-a.wav,"brooks"
goehring-a.wav,"goehring"
tal-a.wav,"tal"
tankslapper-a.wav,"tankslapper"
morin-a.wav,"morin"
cirillo-a.wav,"cirillo"
mccarthy-a.wav,"mccarthy"
chen-a.wav,"chen"
bar-a.wav,"bar"
battiston-a.wav,"battiston"
brotzman-a.wav,"brotzman"
eles-a.wav,"eles"
simmo-a.wav,"simmo"
grand-a.wav,"grand"
amer-a.wav,"amer"
steckly-a.wav,"steckly"
zec-a.wav,"zec"
nicolae-a.wav,"nicolae"
android-a.wav,"android"
burke-a.wav,"burke"
corbett-a.wav,"corbett"
padilla-a.wav,"padilla"
rodrigues-a.wav,"rodrigues"
fuentes-a.wav,"fuentes"
vilar-a.wav,"vilar"
stirati-a.wav,"stirati"
sox-a.wav,"sox"
beadle-a.wav,"beadle"
leahy-a.wav,"leahy"
murcott-a.wav,"murcott"
alard-a.wav,"alard"
ferrer-a.wav,"ferrer"
cano-a.wav,"cano"
plemenos-a.wav,"plemenos"
julian-a.wav,"julian"
masa-a.wav,"masa"
ritzenhoff-a.wav,"ritzenhoff"
bird-a.wav,"bird"
gail-a.wav,"gail"
beaule-a.wav,"beaule"
paredis-a.wav,"paredis"
stearman-a.wav,"stearman"
shaer-a.wav,"shaer"
palladino-a.wav,"palladino"
steiner-a.wav,"steiner"
piras-a.wav,"piras"
kuritz-a.wav,"kuritz"
castellano-a.wav,"castellano"
chall-a.wav,"chall"
christians-a.wav,"christians"
smiler-a.wav,"smiler"
weissmann-a.wav,"weissmann"
holm-a.wav,"holm"
blum-a.wav,"blum"
cabrera-a.wav,"cabrera"
kefer-a.wav,"kefer"
dart-a.wav,"dart"
mucha-a.wav,"mucha"
lep-a.wav,"lep"
masaood-a.wav,"masaood"
pexy-a.wav,"pexy"
galinat-a.wav,"galinat"
ali-a.wav,"ali"
hooper-a.wav,"hooper"
ye-a.wav,"ye"
straub-a.wav,"straub"
patton-a.wav,"patton"
henriques-a.wav,"henriques"
poynter-a.wav,"poynter"
brinker-a.wav,"brinker"
wilkes-a.wav,"wilkes"
bos-a.wav,"bos"
sheik-a.wav,"sheik"
burkhardt-a.wav,"burkhardt"
blum-a.wav,"blum"
bao-a.wav,"bao"
singer-a.wav,"singer"
nappo-a.wav,"nappo"
marr-a.wav,"marr"
charrin-a.wav,"charrin"
mazzi-a.wav,"mazzi"
quinten-a.wav,"quinten"
o'connor-a.wav,"o'connor"
cubley-a.wav,"cubley"
rudy-a.wav,"rudy"
creator-a.wav,"creator"
creedon-a.wav,"creedon"
kramer-a.wav,"kramer"
joel-a.wav,"joel"
bonse-a.wav,"bonse"
buisson-a.wav,"buisson"
perry-a.wav,"perry"
piãera-a.wav,"piãera"
serini-a.wav,"serini"
cini-a.wav,"cini"
daly-a.wav,"daly"
para-a.wav,"para"
harris-a.wav,"harris"
mackinlay-a.wav,"mackinlay"
kilian-a.wav,"kilian"
loekke-a.wav,"loekke"
coulter-a.wav,"coulter"
monti-a.wav,"monti"
raouli-a.wav,"raouli"
angelo-a.wav,"angelo"
dubois-a.wav,"dubois"
hellman-a.wav,"hellman"
doub-a.wav,"doub"
jaune-a.wav,"jaune"
weeks-a.wav,"weeks"
conley-a.wav,"conley"
oddl-a.wav,"oddl"
vincento-a.wav,"vincento"
moreau-a.wav,"moreau"
walat-a.wav,"walat"
camilo-a.wav,"camilo"
urban-a.wav,"urban"
mcmillan-a.wav,"mcmillan"
la sala-a.wav,"la sala"
dolinesk-a.wav,"dolinesk"
guto-a.wav,"guto"
colome-a.wav,"colome"
tordoff-a.wav,"tordoff"
chen-a.wav,"chen"
hussain-a.wav,"hussain"
peschel-a.wav,"peschel"
batts-a.wav,"batts"
fort-a.wav,"fort"
ferro-a.wav,"ferro"
huskins-a.wav,"huskins"
ryn-a.wav,"ryn"
boggs-a.wav,"boggs"
magras-a.wav,"magras"
cardoso-a.wav,"cardoso"
goldner-a.wav,"goldner"
crowder-a.wav,"crowder"
kol-a.wav,"kol"
reip-a.wav,"reip"
barnor-a.wav,"barnor"
hussain-a.wav,"hussain"
hartmann-a.wav,"hartmann"
james-a.wav,"james"
zavala-a.wav,"zavala"
bla-a.wav,"bla"
woolley-a.wav,"woolley"
herrerias-a.wav,"herrerias"
miner-a.wav,"miner"
messer-a.wav,"messer"
kulp-a.wav,"kulp"
waller-a.wav,"waller"
daily-a.wav,"daily"
li-a.wav,"li"
chase-a.wav,"chase"
sousa-a.wav,"sousa"
lappalainen-a.wav,"lappalainen"
armindo-a.wav,"armindo"
barros-a.wav,"barros"
dall-a.wav,"dall"
burrell-a.wav,"burrell"
mandel-a.wav,"mandel"
per-a.wav,"per"
perez-a.wav,"perez"
rhodes-a.wav,"rhodes"
lafaille-a.wav,"lafaille"
kasten-a.wav,"kasten"
mendes-a.wav,"mendes"
azevedo-a.wav,"azevedo"
vito-a.wav,"vito"
fowler-a.wav,"fowler"
moto-a.wav,"moto"
hehmann-a.wav,"hehmann"
guardia-a.wav,"guardia"
morando-a.wav,"morando"
rister-a.wav,"rister"
bernard-a.wav,"bernard"
arell-a.wav,"arell"
flournoy-a.wav,"flournoy"
bade-a.wav,"bade"
pinney-a.wav,"pinney"
hashem-a.wav,"hashem"
chill-a.wav,"chill"
hendrick-a.wav,"hendrick"
hatton-a.wav,"hatton"
macneall-a.wav,"macneall"
switzer-a.wav,"switzer"
nera-a.wav,"nera"
lyton-a.wav,"lyton"
larouche-a.wav,"larouche"
strauß-a.wav,"strauß"
mazzi-a.wav,"mazzi"
scattolin-a.wav,"scattolin"
bitzer-a.wav,"bitzer"
burgess-a.wav,"burgess"
malone-a.wav,"malone"
stearns-a.wav,"stearns"
heatlie-a.wav,"heatlie"
marques-a.wav,"marques"
hehmann-a.wav,"hehmann"
roberto-a.wav,"roberto"
kohl-a.wav,"kohl"
biley-a.wav,"biley"
wolf-a.wav,"wolf"
muanle-a.wav,"muanle"
garre-a.wav,"garre"
marty-a.wav,"marty"
moro-a.wav,"moro"
halek-a.wav,"halek"
andreas-a.wav,"andreas"
gregorio-a.wav,"gregorio"
wahnig-a.wav,"wahnig"
lazzarini-a.wav,"lazzarini"
harten-a.wav,"harten"
rem-a.wav,"rem"
requero-a.wav,"requero"
favetto-a.wav,"favetto"
stang-a.wav,"stang"
dessi-a.wav,"dessi"
lind-a.wav,"lind"
gounon-a.wav,"gounon"
angers-a.wav,"angers"
campo-a.wav,"campo"
robbers-a.wav,"robbers"
enes-a.wav,"enes"
zonca-a.wav,"zonca"
gijon13-a.wav,"gijon13"
cardona-a.wav,"cardona"
secord-a.wav,"secord"
celea-a.wav,"celea"
wakelin-a.wav,"wakelin"
beelen-a.wav,"beelen"
frazier-a.wav,"frazier"
martini-a.wav,"martini"
keus-a.wav,"keus"
felt-a.wav,"felt"
alitta-a.wav,"alitta"
henning-a.wav,"henning"
rowney-a.wav,"rowney"
waite-a.wav,"waite"
dear-a.wav,"dear"
brzeziński-a.wav,"brzeziński"
newsam-a.wav,"newsam"
mayes-a.wav,"mayes"
fuerst-a.wav,"fuerst"
morris-a.wav,"morris"
bla-a.wav,"bla"
burri-a.wav,"burri"
sato-a.wav,"sato"
rebelo-a.wav,"rebelo"
giannini-a.wav,"giannini"
junior-a.wav,"junior"
montiville-a.wav,"montiville"
grave-a.wav,"grave"
acosta-a.wav,"acosta"
bernardini-a.wav,"bernardini"
carlos-a.wav,"carlos"
mullis-a.wav,"mullis"
mccormick-a.wav,"mccormick"
hebert-a.wav,"hebert"
tuominen-a.wav,"tuominen"
scherer-a.wav,"scherer"
d'angelo-a.wav,"d'angelo"
gachot-a.wav,"gachot"
christen-a.wav,"christen"
cannata-a.wav,"cannata"
dyndas-a.wav,"dyndas"
pfeiffer-a.wav,"pfeiffer"
nichols-a.wav,"nichols"
maple-a.wav,"maple"
gollum-a.wav,"gollum"
angle-a.wav,"angle"
moffat-a.wav,"moffat"
friis-a.wav,"friis"
raves-a.wav,"raves"
lana-a.wav,"lana"
scrivener-a.wav,"scrivener"
benitez-a.wav,"benitez"
mains-a.wav,"mains"
curit-a.wav,"curit"
caria-a.wav,"caria"
nemeth-a.wav,"nemeth"
demon-a.wav,"demon"
hott-a.wav,"hott"
mullen-a.wav,"mullen"
stempfley-a.wav,"stempfley"
seiler-a.wav,"seiler"
hinz-a.wav,"hinz"
coghill-a.wav,"coghill"
walther-a.wav,"walther"
schaller-a.wav,"schaller"
andrew-a.wav,"andrew"
cuppen-a.wav,"cuppen"
hot-a.wav,"hot"
carr-a.wav,"carr"
maik-a.wav,"maik"
dabbo-a.wav,"dabbo"
steinberg-a.wav,"steinberg"
crusty-a.wav,"crusty"
gabi-a.wav,"gabi"
abadi-a.wav,"abadi"
peneda-a.wav,"peneda"
jans-a.wav,"jans"
maney-a.wav,"maney"
curry-a.wav,"curry"
loy-a.wav,"loy"
nicky b-a.wav,"nicky b"
mclean-a.wav,"mclean"
ito-a.wav,"ito"
ferri-a.wav,"ferri"
bade-a.wav,"bade"
phillippi-a.wav,"phillippi"
illes-a.wav,"illes"
luc-a.wav,"luc"
mau-a.wav,"mau"
gauby-a.wav,"gauby"
jorrit-a.wav,"jorrit"
tejero-a.wav,"tejero"
elliott-a.wav,"elliott"
tuck-a.wav,"tuck"
cross-a.wav,"cross"
chris-a.wav,"chris"
jay-a.wav,"jay"
lanius-a.wav,"lanius"
lunardi-a.wav,"lunardi"
lassen-a.wav,"lassen"
bosch-a.wav,"bosch"
micha-a.wav,"micha"
matty-a.wav,"matty"
david-a.wav,"david"
jan-a.wav,"jan"
bader-a.wav,"bader"
haub-a.wav,"haub"
jenny-a.wav,"jenny"
fabio-a.wav,"fabio"
luigart-a.wav,"luigart"
reuber-a.wav,"reuber"
stahlhut-a.wav,"stahlhut"
columbia-a.wav,"columbia"
rozario-a.wav,"rozario"
berny-a.wav,"berny"
veillon-a.wav,"veillon"
werlberger-a.wav,"werlberger"
menzel-a.wav,"menzel"
ullrich-a.wav,"ullrich"
schmitt-a.wav,"schmitt"
engler-a.wav,"engler"
langenhan-a.wav,"langenhan"
ruwisch-a.wav,"ruwisch"
buhl-a.wav,"buhl"
panek-a.wav,"panek"
vobis-a.wav,"vobis"
rene-a.wav,"rene"
available-a.wav,"available"
günther-a.wav,"günther"
richard-a.wav,"richard"
gerke-a.wav,"gerke"
walser-a.wav,"walser"
holzi-a.wav,"holzi"
liongivré-a.wav,"liongivré"
legende-a.wav,"legende"
schümmer-a.wav,"schümmer"
otto-a.wav,"otto"
oliver-a.wav,"oliver"
brosch-a.wav,"brosch"
knoop-a.wav,"knoop"
brese-a.wav,"brese"
schlüter-a.wav,"schlüter"
bock-a.wav,"bock"
mitos-a.wav,"mitos"
pudlich-a.wav,"pudlich"
ohliger-a.wav,"ohliger"
dembski-a.wav,"dembski"
sundermann-a.wav,"sundermann"
braun-a.wav,"braun"
steenkamp-a.wav,"steenkamp"
mächler-a.wav,"mächler"
drees-a.wav,"drees"
stork-a.wav,"stork"
mortsie-a.wav,"mortsie"
mr mac-a.wav,"mr mac"
stevo-a.wav,"stevo"
mitch-a.wav,"mitch"
timo-a.wav,"timo"
dominoeffeckt-a.wav,"dominoeffeckt"
rio-a.wav,"rio"
tiberius-a.wav,"tiberius"
gernot-a.wav,"gernot"
marco-a.wav,"marco"
tommy-a.wav,"tommy"
ockerocker-a.wav,"ockerocker"
bayer-a.wav,"bayer"
lustig-a.wav,"lustig"
floppy-a.wav,"floppy"
tscholli-a.wav,"tscholli"
jemec-a.wav,"jemec"
jemec-a.wav,"jemec"
momo-a.wav,"momo"
pabst-a.wav,"pabst"
rindt-a.wav,"rindt"
big g-a.wav,"big g"
skid meister-a.wav,"skid meister"
jenzone-a.wav,"jenzone"
atze-a.wav,"atze"
hajora-a.wav,"hajora"
gsi-a.wav,"gsi"
freestyler-a.wav,"freestyler"
fity-a.wav,"fity"
zefix-a.wav,"zefix"
mcqueen-a.wav,"mcqueen"
cycas-a.wav,"cycas"
plautze-a.wav,"plautze"
swensson-a.wav,"swensson"
brandyandy-a.wav,"brandyandy"
hotrob-a.wav,"hotrob"
guenni-a.wav,"guenni"
stexko-a.wav,"stexko"
livewire-a.wav,"livewire"
maximus-a.wav,"maximus"
veevee-a.wav,"veevee"
rhime-a.wav,"rhime"
janosch-a.wav,"janosch"
welder-a.wav,"welder"
ryder-a.wav,"ryder"
drifter-a.wav,"drifter"
jensen-a.wav,"jensen"
robin-a.wav,"robin"
krater-a.wav,"krater"
gijon13-a.wav,"gijon13"
uncle happy-a.wav,"uncle happy"
tropic-a.wav,"tropic"
scud-a.wav,"scud"
slade-a.wav,"slade"
kless-a.wav,"kless"
popo-a.wav,"popo"
van boven-a.wav,"van boven"
slamdunkking-a.wav,"slamdunkking"
flens-a.wav,"flens"
happy-a.wav,"happy"
mcbrian-a.wav,"mcbrian"
para-a.wav,"para"
svenson-a.wav,"svenson"
fabsen-a.wav,"fabsen"
sinafasul-a.wav,"sinafasul"
almkicker-a.wav,"almkicker"
fox-a.wav,"fox"
neo-a.wav,"neo"
stormrider-a.wav,"stormrider"
maik-a.wav,"maik"
nenak-a.wav,"nenak"
mayländer-a.wav,"mayländer"
paula-a.wav,"paula"
jake-a.wav,"jake"
heizer-a.wav,"heizer"
mika-a.wav,"mika"
podimix-a.wav,"podimix"
termi-a.wav,"termi"
muffin-a.wav,"muffin"
karol-a.wav,"karol"
sonic-a.wav,"sonic"
etzler-a.wav,"etzler"
bluesbrother-a.wav,"bluesbrother"
brain-a.wav,"brain"
buddha-a.wav,"buddha"
asiandoll-a.wav,"asiandoll"
boerger-a.wav,"boerger"
holiday-a.wav,"holiday"
lemmi-a.wav,"lemmi"
thom-a.wav,"thom"
frilli-a.wav,"frilli"
don-a.wav,"don"
thomas-a.wav,"thomas"
bog-a.wav,"bog"
versace-a.wav,"versace"
seeage-a.wav,"seeage"
tjm-a.wav,"tjm"
stony-a.wav,"stony"
err-a.wav,"err"
nevil-a.wav,"nevil"
arwnk-a.wav,"arwnk"
reiskocher-a.wav,"reiskocher"
dani-a.wav,"dani"
emmy-a.wav,"emmy"
fox power-a.wav,"fox power"
gm-a.wav,"gm"
mustang-a.wav,"mustang"
polini-a.wav,"polini"
spanni-a.wav,"spanni"
spinna-a.wav,"spinna"
timpa-a.wav,"timpa"
tool time-a.wav,"tool time"
wardor-a.wav,"wardor"
xsala-a.wav,"xsala"
katanar-a.wav,"katanar"
lizard-a.wav,"lizard"
mihonell-a.wav,"mihonell"
roffati-a.wav,"roffati"
muanle-a.wav,"muanle"
pyloni-a.wav,"pyloni"
thunder-a.wav,"thunder"
drifter-a.wav,"drifter"
brecher-a.wav,"brecher"
hissy-a.wav,"hissy"
venker-a.wav,"venker"
cellobello-a.wav,"cellobello"
ralle-a.wav,"ralle"
hypnotoad-a.wav,"hypnotoad"
ano-a.wav,"ano"
duck-a.wav,"duck"
wulfgar-a.wav,"wulfgar"
genius-a.wav,"genius"
strike-a.wav,"strike"
derwelsch-a.wav,"derwelsch"
rowdog-a.wav,"rowdog"
oddl-a.wav,"oddl"
frank-a.wav,"frank"
matze-a.wav,"matze"
silber-a.wav,"silber"
michael-a.wav,"michael"
stede-a.wav,"stede"
kremer-a.wav,"kremer"
frankonia-a.wav,"frankonia"
beyer-a.wav,"beyer"
panther-a.wav,"panther"
jogger-a.wav,"jogger"
ray-a.wav,"ray"
mclaren-a.wav,"mclaren"
rothstein-a.wav,"rothstein"
brausepaul-a.wav,"brausepaul"
spawn-a.wav,"spawn"
sandman-a.wav,"sandman"
queso-a.wav,"queso"
hef-a.wav,"hef"
raven-a.wav,"raven"
juice-a.wav,"juice"
rx-a.wav,"rx"
geek-a.wav,"geek"
jesup-a.wav,"jesup"
pest-a.wav,"pest"
regrets-a.wav,"regrets"
johnson-a.wav,"johnson"
abe-a.wav,"abe"
mohawk-a.wav,"mohawk"
knukken-a.wav,"knukken"
trooper-a.wav,"trooper"
demon-a.wav,"demon"
johnschoonsbeard-a.wav,"johnschoonsbeard"
pawlaczek-a.wav,"pawlaczek"
brailsford-a.wav,"brailsford"
lagstrum-a.wav,"lagstrum"
luigart-a.wav,"luigart"
reuber-a.wav,"reuber"
stahlhut-a.wav,"stahlhut"
columbia-a.wav,"columbia"
rozario-a.wav,"rozario"
berny-a.wav,"berny"
veillon-a.wav,"veillon"
werlberger-a.wav,"werlberger"
menzel-a.wav,"menzel"
ullrich-a.wav,"ullrich"
schmitt-a.wav,"schmitt"
engler-a.wav,"engler"
langenhan-a.wav,"langenhan"
ruwisch-a.wav,"ruwisch"
buhl-a.wav,"buhl"
panek-a.wav,"panek"
vobis-a.wav,"vobis"
rene-a.wav,"rene"
available-a.wav,"available"
günther-a.wav,"günther"
richard-a.wav,"richard"
gerke-a.wav,"gerke"
walser-a.wav,"walser"
holzi-a.wav,"holzi"
liongivré-a.wav,"liongivré"
legende-a.wav,"legende"
schümmer-a.wav,"schümmer"
otto-a.wav,"otto"
oliver-a.wav,"oliver"
brosch-a.wav,"brosch"
knoop-a.wav,"knoop"
brese-a.wav,"brese"
schlüter-a.wav,"schlüter"
bock-a.wav,"bock"
mitos-a.wav,"mitos"
pudlich-a.wav,"pudlich"
ohliger-a.wav,"ohliger"
dembski-a.wav,"dembski"
sundermann-a.wav,"sundermann"
braun-a.wav,"braun"
steenkamp-a.wav,"steenkamp"
mächler-a.wav,"mächler"
drees-a.wav,"drees"
stork-a.wav,"stork"
mortsie-a.wav,"mortsie"
mr mac-a.wav,"mr mac"
stevo-a.wav,"stevo"
mitch-a.wav,"mitch"
timo-a.wav,"timo"
dominoeffeckt-a.wav,"dominoeffeckt"
rio-a.wav,"rio"
tiberius-a.wav,"tiberius"
gernot-a.wav,"gernot"
marco-a.wav,"marco"
tommy-a.wav,"tommy"
ockerocker-a.wav,"ockerocker"
bayer-a.wav,"bayer"
lustig-a.wav,"lustig"
floppy-a.wav,"floppy"
tscholli-a.wav,"tscholli"
jemec-a.wav,"jemec"
jemec-a.wav,"jemec"
momo-a.wav,"momo"
pabst-a.wav,"pabst"
rindt-a.wav,"rindt"
big g-a.wav,"big g"
skid meister-a.wav,"skid meister"
jenzone-a.wav,"jenzone"
atze-a.wav,"atze"
hajora-a.wav,"hajora"
gsi-a.wav,"gsi"
freestyler-a.wav,"freestyler"
fity-a.wav,"fity"
zefix-a.wav,"zefix"
mcqueen-a.wav,"mcqueen"
cycas-a.wav,"cycas"
plautze-a.wav,"plautze"
swensson-a.wav,"swensson"
brandyandy-a.wav,"brandyandy"
hotrob-a.wav,"hotrob"
guenni-a.wav,"guenni"
stexko-a.wav,"stexko"
livewire-a.wav,"livewire"
maximus-a.wav,"maximus"
veevee-a.wav,"veevee"
rhime-a.wav,"rhime"
janosch-a.wav,"janosch"
welder-a.wav,"welder"
ryder-a.wav,"ryder"
drifter-a.wav,"drifter"
jensen-a.wav,"jensen"
robin-a.wav,"robin"
krater-a.wav,"krater"
gijon13-a.wav,"gijon13"
uncle happy-a.wav,"uncle happy"
tropic-a.wav,"tropic"
scud-a.wav,"scud"
slade-a.wav,"slade"
kless-a.wav,"kless"
popo-a.wav,"popo"
van boven-a.wav,"van boven"
slamdunkking-a.wav,"slamdunkking"
flens-a.wav,"flens"
happy-a.wav,"happy"
mcbrian-a.wav,"mcbrian"
para-a.wav,"para"
svenson-a.wav,"svenson"
fabsen-a.wav,"fabsen"
sinafasul-a.wav,"sinafasul"
almkicker-a.wav,"almkicker"
fox-a.wav,"fox"
neo-a.wav,"neo"
stormrider-a.wav,"stormrider"
maik-a.wav,"maik"
nenak-a.wav,"nenak"
mayländer-a.wav,"mayländer"
paula-a.wav,"paula"
jake-a.wav,"jake"
heizer-a.wav,"heizer"
mika-a.wav,"mika"
podimix-a.wav,"podimix"
termi-a.wav,"termi"
muffin-a.wav,"muffin"
karol-a.wav,"karol"
sonic-a.wav,"sonic"
etzler-a.wav,"etzler"
bluesbrother-a.wav,"bluesbrother"
brain-a.wav,"brain"
buddha-a.wav,"buddha"
asiandoll-a.wav,"asiandoll"
boerger-a.wav,"boerger"
holiday-a.wav,"holiday"
lemmi-a.wav,"lemmi"
thom-a.wav,"thom"
frilli-a.wav,"frilli"
don-a.wav,"don"
thomas-a.wav,"thomas"
bog-a.wav,"bog"
versace-a.wav,"versace"
seeage-a.wav,"seeage"
tjm-a.wav,"tjm"
stony-a.wav,"stony"
err-a.wav,"err"
nevil-a.wav,"nevil"
arwnk-a.wav,"arwnk"
reiskocher-a.wav,"reiskocher"
dani-a.wav,"dani"
emmy-a.wav,"emmy"
fox power-a.wav,"fox power"
gm-a.wav,"gm"
mustang-a.wav,"mustang"
polini-a.wav,"polini"
spanni-a.wav,"spanni"
spinna-a.wav,"spinna"
timpa-a.wav,"timpa"
tool time-a.wav,"tool time"
wardor-a.wav,"wardor"
xsala-a.wav,"xsala"
katanar-a.wav,"katanar"
lizard-a.wav,"lizard"
mihonell-a.wav,"mihonell"
roffati-a.wav,"roffati"
muanle-a.wav,"muanle"
pyloni-a.wav,"pyloni"
thunder-a.wav,"thunder"
drifter-a.wav,"drifter"
brecher-a.wav,"brecher"
hissy-a.wav,"hissy"
venker-a.wav,"venker"
cellobello-a.wav,"cellobello"
ralle-a.wav,"ralle"
hypnotoad-a.wav,"hypnotoad"
ano-a.wav,"ano"
duck-a.wav,"duck"
wulfgar-a.wav,"wulfgar"
genius-a.wav,"genius"
strike-a.wav,"strike"
derwelsch-a.wav,"derwelsch"
rowdog-a.wav,"rowdog"
oddl-a.wav,"oddl"
frank-a.wav,"frank"
matze-a.wav,"matze"
silber-a.wav,"silber"
michael-a.wav,"michael"
stede-a.wav,"stede"
kremer-a.wav,"kremer"
frankonia-a.wav,"frankonia"
beyer-a.wav,"beyer"
panther-a.wav,"panther"
jogger-a.wav,"jogger"
ray-a.wav,"ray"
mclaren-a.wav,"mclaren"
rothstein-a.wav,"rothstein"
brausepaul-a.wav,"brausepaul"
spawn-a.wav,"spawn"
sandman-a.wav,"sandman"
queso-a.wav,"queso"
hef-a.wav,"hef"
raven-a.wav,"raven"
juice-a.wav,"juice"
rx-a.wav,"rx"
geek-a.wav,"geek"
jesup-a.wav,"jesup"
pest-a.wav,"pest"
regrets-a.wav,"regrets"
johnson-a.wav,"johnson"
abe-a.wav,"abe"
mohawk-a.wav,"mohawk"
knukken-a.wav,"knukken"
trooper-a.wav,"trooper"
demon-a.wav,"demon"
johnschoonsbeard-a.wav,"johnschoonsbeard"
pawlaczek-a.wav,"pawlaczek"
brailsford-a.wav,"brailsford"
lagstrum-a.wav,"lagstrum"
pezby-a.wav,"pezby"
endersai-a.wav,"endersai"
blackmist-a.wav,"blackmist"
mcshort-a.wav,"mcshort"
fabiceman-a.wav,"fabiceman"
mitchiskey-a.wav,"mitchiskey"
madder rose-a.wav,"madder rose"
oh darn-a.wav,"oh darn"
benimi-a.wav,"benimi"
kaleeb-a.wav,"kaleeb"
ovivo junior-a.wav,"ovivo junior"
zetmir-a.wav,"zetmir"
blade cruiser-a.wav,"blade cruiser"
tony borbony-a.wav,"tony borbony"
arkn-a.wav,"arkn"
jeffrey schumi-a.wav,"jeffrey schumi"
red tiger-a.wav,"red tiger"
sugar free nos-a.wav,"sugar free nos"
pfalzdriver-a.wav,"pfalzdriver"
scholz-a.wav,"scholz"
shino-a.wav,"shino"
ryox-a.wav,"ryox"
leiter-a.wav,"leiter"
pan-a.wav,"pan"
lynx-a.wav,"lynx"
reynders-a.wav,"reynders"
seb-a.wav,"seb"
mark-a.wav,"mark"
joris-a.wav,"joris"
ducduc-a.wav,"ducduc"
kookran-a.wav,"kookran"
su7-a.wav,"su7"
wallstark-a.wav,"wallstark"
sypher-a.wav,"sypher"
razorback-a.wav,"razorback"
max-a.wav,"max"
kamikaze-a.wav,"kamikaze"
kouri-a.wav,"kouri"
baloo-a.wav,"baloo"
fraggy-a.wav,"fraggy"
bendack-a.wav,"bendack"
racer-a.wav,"racer"
seb-a.wav,"seb"
lafaille-a.wav,"lafaille"
dede-a.wav,"dede"
spitfire-a.wav,"spitfire"
kleryon-a.wav,"kleryon"
tom-a.wav,"tom"
lulured-a.wav,"lulured"
bubu-a.wav,"bubu"
kendal-a.wav,"kendal"
mike-a.wav,"mike"
lowimpact-a.wav,"lowimpact"
chris villars-a.wav,"chris villars"
doppel-a.wav,"doppel"
hawk-a.wav,"hawk"
strems-a.wav,"strems"
riddick-a.wav,"riddick"
enrico-a.wav,"enrico"
fabio-a.wav,"fabio"
motorsport-a.wav,"motorsport"
cox-a.wav,"cox"
umut-a.wav,"umut"
chuck-a.wav,"chuck"
kobe-a.wav,"kobe"
nutsmammot-a.wav,"nutsmammot"
iceman-a.wav,"iceman"
di rossi-a.wav,"di rossi"
tonton juju-a.wav,"tonton juju"
sgoom-a.wav,"sgoom"
vince-a.wav,"vince"
skull-a.wav,"skull"
ichabod-a.wav,"ichabod"
discretos-a.wav,"discretos"
nico-a.wav,"nico"
incognito-a.wav,"incognito"
menger-a.wav,"menger"
elite killa-a.wav,"elite killa"
esiotrot-a.wav,"esiotrot"
ich-a.wav,"ich"
heathen pride-a.wav,"heathen pride"
alegunner-a.wav,"alegunner"
storm trooper-a.wav,"storm trooper"
priesty-a.wav,"priesty"
chimp choker-a.wav,"chimp choker"
spooky wooky-a.wav,"spooky wooky"
weal-a.wav,"weal"
shin roh-a.wav,"shin roh"
admoo-a.wav,"admoo"
allstyles-a.wav,"allstyles"
danrc-a.wav,"danrc"
driver-a.wav,"driver"
football-a.wav,"football"
cbc-a.wav,"cbc"
captaindash-a.wav,"captaindash"
ace killer-a.wav,"ace killer"
mansell-a.wav,"mansell"
yeldz-a.wav,"yeldz"
zakspeed-a.wav,"zakspeed"
sad shooter-a.wav,"sad shooter"
diogo-a.wav,"diogo"
demon-a.wav,"demon"
ambitious-a.wav,"ambitious"
nicky b-a.wav,"nicky b"
weisda-a.wav,"weisda"
carnby-a.wav,"carnby"
oslimas-a.wav,"oslimas"
nosoks-a.wav,"nosoks"
weslev-a.wav,"weslev"
bonio-a.wav,"bonio"
xku-a.wav,"xku"
david b-a.wav,"david b"
yamamoto-a.wav,"yamamoto"
markeeez-a.wav,"markeeez"
matty-a.wav,"matty"
slr-a.wav,"slr"
rev head-a.wav,"rev head"
bloody boy blue-a.wav,"bloody boy blue"
buy bon-a.wav,"buy bon"
helicon-a.wav,"helicon"
dinity-a.wav,"dinity"
jorrit-a.wav,"jorrit"
skater-a.wav,"skater"
the big ragoo-a.wav,"the big ragoo"
lightweight-a.wav,"lightweight"
platano-a.wav,"platano"
whaleboy-a.wav,"whaleboy"
majortraumer-a.wav,"majortraumer"
randy pirate-a.wav,"randy pirate"
jallmari-a.wav,"jallmari"
dongel-a.wav,"dongel"
brit-a.wav,"brit"
cantona-a.wav,"cantona"
rad-a.wav,"rad"
wispo-a.wav,"wispo"
skaankypuppy-a.wav,"skaankypuppy"
rizla-a.wav,"rizla"
skyjuice-a.wav,"skyjuice"
yido-a.wav,"yido"
vic-a.wav,"vic"
tobias-a.wav,"tobias"
brando-a.wav,"brando"
diesel-a.wav,"diesel"
chilybee-a.wav,"chilybee"
racing at home-a.wav,"racing at home"
seesicksteve-a.wav,"seesicksteve"
sharky-a.wav,"sharky"
andro-a.wav,"andro"
gareth winst-a.wav,"gareth winst"
tdz-a.wav,"tdz"
copes-a.wav,"copes"
anfd-a.wav,"anfd"
dee-a.wav,"dee"
i was ere-a.wav,"i was ere"
smiler-a.wav,"smiler"
donpawley-a.wav,"donpawley"
mick and tony-a.wav,"mick and tony"
chin-a.wav,"chin"
grizzle-a.wav,"grizzle"
fish-a.wav,"fish"
uniden-a.wav,"uniden"
schmiggz-a.wav,"schmiggz"
ejiff emro-a.wav,"ejiff emro"
howellsey-a.wav,"howellsey"
potatoe-a.wav,"potatoe"
ozabroad-a.wav,"ozabroad"
sniper-a.wav,"sniper"
tommy-a.wav,"tommy"
ellis-a.wav,"ellis"
olly-a.wav,"olly"
polarbear-a.wav,"polarbear"
giant slayer-a.wav,"giant slayer"
erti-a.wav,"erti"
zip-a.wav,"zip"
bandit-a.wav,"bandit"
duchi-a.wav,"duchi"
f1 racer-a.wav,"f1 racer"
gianetta-a.wav,"gianetta"
beppo-a.wav,"beppo"
gibbs-a.wav,"gibbs"
warntyre-a.wav,"warntyre"
billzkid-a.wav,"billzkid"
hideaki-a.wav,"hideaki"
kubbak-a.wav,"kubbak"
hagar-a.wav,"hagar"
estebano-a.wav,"estebano"
soderholm-a.wav,"soderholm"
mulleyg-a.wav,"mulleyg"
sopwith-a.wav,"sopwith"
raigore-a.wav,"raigore"
martinb-a.wav,"martinb"
party-a.wav,"party"
phil-a.wav,"phil"
rodro-a.wav,"rodro"
ramdrop-a.wav,"ramdrop"
yuriznikov-a.wav,"yuriznikov"
eagle-a.wav,"eagle"
dozerkitty-a.wav,"dozerkitty"
kubica-a.wav,"kubica"
tradeaux-a.wav,"tradeaux"
jay-a.wav,"jay"
bywater-a.wav,"bywater"
ranger-a.wav,"ranger"
thurlow-a.wav,"thurlow"
canisbe-a.wav,"canisbe"
browneski-a.wav,"browneski"
tipple-a.wav,"tipple"
centro-a.wav,"centro"
andrex-a.wav,"andrex"
pedro-a.wav,"pedro"
aj-a.wav,"aj"
viceguy-a.wav,"viceguy"
bluerat-a.wav,"bluerat"
tonyr-a.wav,"tonyr"
masa-a.wav,"masa"
jellyfish-a.wav,"jellyfish"
noz-a.wav,"noz"
silverarrow-a.wav,"silverarrow"
ycoms-a.wav,"ycoms"
papand-a.wav,"papand"
nesterowicz-a.wav,"nesterowicz"
mazy-a.wav,"mazy"
khaki-a.wav,"khaki"
dyndas-a.wav,"dyndas"
miniblack-a.wav,"miniblack"
today-a.wav,"today"
puffpirate-a.wav,"puffpirate"
van der bent-a.wav,"van der bent"
karotten-a.wav,"karotten"
dodo-a.wav,"dodo"
yoohan-a.wav,"yoohan"
schumacher-a.wav,"schumacher"
michal-a.wav,"michal"
skanda five-a.wav,"skanda five"
lionscage-a.wav,"lionscage"
bisto-a.wav,"bisto"
juvenile-a.wav,"juvenile"
cm-a.wav,"cm"
doherty-a.wav,"doherty"
jav-a.wav,"jav"
chaim-a.wav,"chaim"
toxic-a.wav,"toxic"
reginald-a.wav,"reginald"
iceman-a.wav,"iceman"
gigi-a.wav,"gigi"
ballistic-a.wav,"ballistic"
mullman-a.wav,"mullman"
len-a.wav,"len"
noisen-a.wav,"noisen"
bluetorch-a.wav,"bluetorch"
hornet-a.wav,"hornet"
armstrong-a.wav,"armstrong"
nuesse-a.wav,"nuesse"
mascot-a.wav,"mascot"
elementer-a.wav,"elementer"
magical-one-a.wav,"magical-one"
suzuka-a.wav,"suzuka"
zef-a.wav,"zef"
Freddy-a.wav,"Freddy"
Zed-a.wav,"Zed"
sebs-a.wav,"sebs"
kalatoran-a.wav,"kalatoran"
Spiller-a.wav,"Spiller"
Ostwald-a.wav,"Ostwald"
Voigt-a.wav,"Voigt"
Rauch-a.wav,"Rauch"
Manz-a.wav,"Manz"
Kadlcak-a.wav,"Kadlcak"
Schäffer-a.wav,"Schäffer"
Rudolph-a.wav,"Rudolph"
Stoffi-a.wav,"Stoffi"
Quechua-a.wav,"Quechua"
Rost-a.wav,"Rost"
Tempel-a.wav,"Tempel"
Kroll-a.wav,"Kroll"
Hesse-a.wav,"Hesse"
Werner-a.wav,"Werner"
Marcel-a.wav,"Marcel"
Arndt-a.wav,"Arndt"
Kurvin-a.wav,"Kurvin"
Wessel-a.wav,"Wessel"
Rainer-a.wav,"Rainer"
Menro-a.wav,"Menro"
skys-a.wav,"skys"
Chris-a.wav,"Chris"
Vmax-a.wav,"Vmax"
Jempy-a.wav,"Jempy"
Jerome-a.wav,"Jerome"
Shen-a.wav,"Shen"
Tifoso-a.wav,"Tifoso"
Fabgex-a.wav,"Fabgex"
Mick-a.wav,"Mick"
Royce-a.wav,"Royce"
Peksis-a.wav,"Peksis"
Clubsport-a.wav,"Clubsport"
Piquet-a.wav,"Piquet"
Rodriguez-a.wav,"Rodriguez"
Notturno-a.wav,"Notturno"
CMk-a.wav,"CMk"
Sebel-a.wav,"Sebel"
Woinwoin-a.wav,"Woinwoin"
Alap-a.wav,"Alap"
XavCar-a.wav,"XavCar"
Vasco-a.wav,"Vasco"
Fredo-a.wav,"Fredo"
Caryl-a.wav,"Caryl"
Wit-a.wav,"Wit"
Guss-a.wav,"Guss"
Gerle-a.wav,"Gerle"
Sparten-a.wav,"Sparten"
Roslev-a.wav,"Roslev"
Lion-a.wav,"Lion"
Moreau-a.wav,"Moreau"
Joel-a.wav,"Joel"
Pio-a.wav,"Pio"
Terra-a.wav,"Terra"
Chip-a.wav,"Chip"
Sven-a.wav,"Sven"
Soul-a.wav,"Soul"
Barry-a.wav,"Barry"
Angel-a.wav,"Angel"
corsa-a.wav,"corsa"
Earl-a.wav,"Earl"
Eldoro-a.wav,"Eldoro"
hax-a.wav,"hax"
nucrx-a.wav,"nucrx"
whats-a.wav,"whats"
Urlauber-a.wav,"Urlauber"
Delof-a.wav,"Delof"
edtheshed-a.wav,"edtheshed"
Westfield-a.wav,"Westfield"
Toxl-a.wav,"Toxl"
Razzia-a.wav,"Razzia"
slipstream-a.wav,"slipstream"
rasmussen-a.wav,"rasmussen"
reddy-a.wav,"reddy"
bile-a.wav,"bile"
guvna-a.wav,"guvna"
Ned-a.wav,"Ned"
Orangewig-a.wav,"Orangewig"
Chibigeese-a.wav,"Chibigeese"
Kwaka-a.wav,"Kwaka"
Xentran-a.wav,"Xentran"
click-a.wav,"click"
Rootless-a.wav,"Rootless"
Wolf-a.wav,"Wolf"
Grip-a.wav,"Grip"
reini-a.wav,"reini"
Moose-a.wav,"Moose"
Nexon-a.wav,"Nexon"
Kunz-a.wav,"Kunz"
Hampton-a.wav,"Hampton"
Finus-a.wav,"Finus"
Mattuschek-a.wav,"Mattuschek"
Kosubek-a.wav,"Kosubek"
Schwanz-a.wav,"Schwanz"
thrill-a.wav,"thrill"
Blaskowski-a.wav,"Blaskowski"
Kera-a.wav,"Kera"
Bratwurst-a.wav,"Bratwurst"
JM-a.wav,"JM"
kev-a.wav,"kev"
parginos-a.wav,"parginos"
grobi-a.wav,"grobi"
Capture-a.wav,"Capture"
keuschnitzel-a.wav,"keuschnitzel"
Corbs-a.wav,"Corbs"
simp-a.wav,"simp"
Flohr-a.wav,"Flohr"
Lütz-a.wav,"Lütz"
Paffrath-a.wav,"Paffrath"
Louchart-a.wav,"Louchart"
Bischoff-a.wav,"Bischoff"
Röbbert-a.wav,"Röbbert"
Welsch-a.wav,"Welsch"
Iroxo-a.wav,"Iroxo"
Gounzy-a.wav,"Gounzy"
nonoreg-a.wav,"nonoreg"
Lundie-a.wav,"Lundie"
RolandK-a.wav,"RolandK"
Blaszczak-a.wav,"Blaszczak"
crowhop-a.wav,"crowhop"
Williams-a.wav,"Williams"
Schmidt-a.wav,"Schmidt"
Hawky-a.wav,"Hawky"
Kingy-a.wav,"Kingy"
Mesopelagic-a.wav,"Mesopelagic"
Droid-a.wav,"Droid"
Tubbie-a.wav,"Tubbie"
Saffie-a.wav,"Saffie"
Spiller-a.wav,"Spiller"
Ivan Sanchez-a.wav,"Ivan Sanchez"
Pardo-a.wav,"Pardo"
Rummy-a.wav,"Rummy"
Ozanne-a.wav,"Ozanne"
Edelmann-a.wav,"Edelmann"
baddog-a.wav,"baddog"
blade-a.wav,"blade"
dizington-a.wav,"dizington"
obrok-a.wav,"obrok"
giorjoe-a.wav,"giorjoe"
Pexy-a.wav,"Pexy"
JAC-a.wav,"JAC"
Roundrocket-a.wav,"Roundrocket"
Spoghead-a.wav,"Spoghead"
Weekesey-a.wav,"Weekesey"
Edgepool-a.wav,"Edgepool"
Robgunns-a.wav,"Robgunns"
Wizz-a.wav,"Wizz"
Danster-a.wav,"Danster"
Mark-a.wav,"Mark"
hong-a.wav,"hong"
chaospunx-a.wav,"chaospunx"
Gringo-a.wav,"Gringo"
Monds-a.wav,"Monds"
Moreau-a.wav,"Moreau"
Kahn-a.wav,"Kahn"
Lazorenko-a.wav,"Lazorenko"
Gorgiev-a.wav,"Gorgiev"
Johnston-a.wav,"Johnston"
Kabis-a.wav,"Kabis"
Oberg-a.wav,"Oberg"
Oberg-a.wav,"Oberg"
Vercetty-a.wav,"Vercetty"
Yakubu-a.wav,"Yakubu"
Ambrosiewicz-a.wav,"Ambrosiewicz"
Del Valle-a.wav,"Del Valle"
Edmunds-a.wav,"Edmunds"
Bogdan-a.wav,"Bogdan"
Stjerneby-a.wav,"Stjerneby"
Tronier-a.wav,"Tronier"
Bailey-a.wav,"Bailey"
Whitby-a.wav,"Whitby"
Collavino-a.wav,"Collavino"
rift-a.wav,"rift"
esocks-a.wav,"esocks"
ronster-a.wav,"ronster"
hartmann-a.wav,"hartmann"
O'Connor-a.wav,"O'Connor"
soze-a.wav,"soze"
piloteur-a.wav,"piloteur"
Pinky-a.wav,"Pinky"
Murphy-a.wav,"Murphy"
Stahli-a.wav,"Stahli"
Schnecke-a.wav,"Schnecke"
Saleen-a.wav,"Saleen"
jolahiti-a.wav,"jolahiti"
Freak-a.wav,"Freak"
shed-a.wav,"shed"
Mark-a.wav,"Mark"
Snowden-a.wav,"Snowden"
Kulcsar-a.wav,"Kulcsar"
earlyapex-a.wav,"earlyapex"
Rickybobby-a.wav,"Rickybobby"
Glen-a.wav,"Glen"
jake-a.wav,"jake"
aracco-a.wav,"aracco"
Szoke-a.wav,"Szoke"
Gastón-a.wav,"Gastón"
Gaston-a.wav,"Gaston"
Wolfgang Kronthaler-a.wav,"Wolfgang Kronthaler"
Harald Kronthaler-a.wav,"Harald Kronthaler"
Fisch-a.wav,"Fisch"
Fuchs-a.wav,"Fuchs"
Aladisch-a.wav,"Aladisch"
Rybak-a.wav,"Rybak"
Behrens-a.wav,"Behrens"
Meissner-a.wav,"Meissner"
Brandt-a.wav,"Brandt"
Schmidtberger-a.wav,"Schmidtberger"
Schilonka-a.wav,"Schilonka"
ertekin-a.wav,"ertekin"
dach-a.wav,"dach"
Heem-a.wav,"Heem"
Frey-a.wav,"Frey"
Stoepsel-a.wav,"Stoepsel"
tabis-a.wav,"tabis"
Will-a.wav,"Will"
Lorant-a.wav,"Lorant"
Somaher-a.wav,"Somaher"
Fitzpatrick-a.wav,"Fitzpatrick"
Sartono-a.wav,"Sartono"
Jaye-a.wav,"Jaye"
Csorbi-a.wav,"Csorbi"
Henriksson-a.wav,"Henriksson"
Gianni-a.wav,"Gianni"
Mathias-a.wav,"Mathias"
Gaston-a.wav,"Gaston"
Londes-a.wav,"Londes"
Vatter-a.wav,"Vatter"
de Villiers-a.wav,"de Villiers"
Brioche-a.wav,"Brioche"
Patrick Hoff-a.wav,"Patrick Hoff"
Dempwolf-a.wav,"Dempwolf"
Dima-a.wav,"Dima"
nuke-a.wav,"nuke"
kell-more-a.wav,"kell-more"
Eber-a.wav,"Eber"
BullKopp-a.wav,"BullKopp"
Angel-a.wav,"Angel"
Bug-a.wav,"Bug"
Kocinski-a.wav,"Kocinski"
Markus-a.wav,"Markus"
Jokey-a.wav,"Jokey"
Kocka-a.wav,"Kocka"
Bana-a.wav,"Bana"
Kuti-a.wav,"Kuti"
Zsebe-a.wav,"Zsebe"
Ipolyi-a.wav,"Ipolyi"
Arpi-a.wav,"Arpi"
Csordas-a.wav,"Csordas"
mumus-a.wav,"mumus"
Adam-a.wav,"Adam"
Fittipaldi-a.wav,"Fittipaldi"
Donohue-a.wav,"Donohue"
Revson-a.wav,"Revson"
Follmer-a.wav,"Follmer"
Hulme-a.wav,"Hulme"
Foyt-a.wav,"Foyt"
Petty-a.wav,"Petty"
Unser-a.wav,"Unser"
McCluskey-a.wav,"McCluskey"
Pearson-a.wav,"Pearson"
Johncock-a.wav,"Johncock"
Allison-a.wav,"Allison"
Geocrack-a.wav,"Geocrack"
Headpain-a.wav,"Headpain"
Jeda-a.wav,"Jeda"
old crop-a.wav,"old crop"
Outback-a.wav,"Outback"
Doerner-a.wav,"Doerner"
Doerner-a.wav,"Doerner"
Feimster-a.wav,"Feimster"
Maple-a.wav,"Maple"
Doerte-a.wav,"Doerte"
Fritsch-a.wav,"Fritsch"
Kirkbride-a.wav,"Kirkbride"
Reno-a.wav,"Reno"
Mirko-a.wav,"Mirko"
Llama-a.wav,"Llama"
Lyton-a.wav,"Lyton"
Doerner-a.wav,"Doerner"
Maes-a.wav,"Maes"
Telier-a.wav,"Telier"
Gerber-a.wav,"Gerber"
Marion-a.wav,"Marion"
Ganzoni-a.wav,"Ganzoni"
Lemouton-a.wav,"Lemouton"
Dusud-a.wav,"Dusud"
Grimnini-a.wav,"Grimnini"
Baniasco-a.wav,"Baniasco"
Waou-a.wav,"Waou"
Delage-a.wav,"Delage"
Robin-a.wav,"Robin"
Giranton-a.wav,"Giranton"
Moomish-a.wav,"Moomish"
tenza-a.wav,"tenza"
mermik-a.wav,"mermik"
Patree-a.wav,"Patree"
Spirichev-a.wav,"Spirichev"
Goaderoch-a.wav,"Goaderoch"
Faivre-a.wav,"Faivre"
Boule-a.wav,"Boule"
Salez-a.wav,"Salez"
Lacombe-a.wav,"Lacombe"
Stanio-a.wav,"Stanio"
Cheradame-a.wav,"Cheradame"
Buck-a.wav,"Buck"
Sensei-a.wav,"Sensei"
Carati-a.wav,"Carati"
Franconen-a.wav,"Franconen"
Bartelemy-a.wav,"Bartelemy"
Nonza-a.wav,"Nonza"
Gombo-a.wav,"Gombo"
Charrier-a.wav,"Charrier"
Rasschaert-a.wav,"Rasschaert"
Dens-a.wav,"Dens"
Salex-a.wav,"Salex"
Chambon-a.wav,"Chambon"
Amour-a.wav,"Amour"
Buyle-a.wav,"Buyle"
Boiron-a.wav,"Boiron"
Hurion-a.wav,"Hurion"
Hauer-a.wav,"Hauer"
Schlupauge-a.wav,"Schlupauge"
Masciarelli-a.wav,"Masciarelli"
Confay-a.wav,"Confay"
Mike B-a.wav,"Mike B"
Joel-a.wav,"Joel"
Collingridge-a.wav,"Collingridge"
Lehmann-a.wav,"Lehmann"
Snublefot-a.wav,"Snublefot"
Speedy-a.wav,"Speedy"
Ratanak-a.wav,"Ratanak"
Friedrich-a.wav,"Friedrich"
Carbo-a.wav,"Carbo"
Pawlicki-a.wav,"Pawlicki"
Marjan-a.wav,"Marjan"
gruutman-a.wav,"gruutman"
Meckel-a.wav,"Meckel"
Garrett-a.wav,"Garrett"
Weber-a.wav,"Weber"
TROPHY-a.wav,"TROPHY"
Wakelin-a.wav,"Wakelin"
Wathen-a.wav,"Wathen"
Marimon-a.wav,"Marimon"
Moses-a.wav,"Moses"
Ralli-a.wav,"Ralli"
Jolicoeur-a.wav,"Jolicoeur"
Monahan-a.wav,"Monahan"
Miller-a.wav,"Miller"
Galea-a.wav,"Galea"
Schmitz-a.wav,"Schmitz"
Nexon-a.wav,"Nexon"
Dirge-a.wav,"Dirge"
Steiner-a.wav,"Steiner"
Inguni-a.wav,"Inguni"
Spark-a.wav,"Spark"
Flame-a.wav,"Flame"
Munchkin-a.wav,"Munchkin"
Martin-a.wav,"Martin"
Hammer-a.wav,"Hammer"
Mistral-a.wav,"Mistral"
Jahnke-a.wav,"Jahnke"
Thiel-a.wav,"Thiel"
Hefner-a.wav,"Hefner"
Kirkbride-a.wav,"Kirkbride"
Wozniak-a.wav,"Wozniak"
Adamson-a.wav,"Adamson"
Olsen-a.wav,"Olsen"
Maros-a.wav,"Maros"
Thorpe-a.wav,"Thorpe"
Levy-a.wav,"Levy"
DeGras-a.wav,"DeGras"
Lauro-a.wav,"Lauro"
Nieto-a.wav,"Nieto"
Nunez-a.wav,"Nunez"
Ludden-a.wav,"Ludden"
Parsons-a.wav,"Parsons"
Merys-a.wav,"Merys"
Mcintyre-a.wav,"Mcintyre"
Poel-a.wav,"Poel"
Werner-a.wav,"Werner"
Houston-a.wav,"Houston"
Zahn-a.wav,"Zahn"
de Villers-a.wav,"de Villers"
Szabo-a.wav,"Szabo"
Calderon-a.wav,"Calderon"
Gomez-a.wav,"Gomez"
Myers-a.wav,"Myers"
Hehmann-a.wav,"Hehmann"
Jones-a.wav,"Jones"
Cuppett-a.wav,"Cuppett"
Wolters-a.wav,"Wolters"
De La Torre-a.wav,"De La Torre"
Storey-a.wav,"Storey"
U'Ren-a.wav,"U'Ren"
Ciordia-a.wav,"Ciordia"
Rolfe-a.wav,"Rolfe"
Douglas-a.wav,"Douglas"
Ivy-a.wav,"Ivy"
Carter-a.wav,"Carter"
Wolters-a.wav,"Wolters"
Traskal-a.wav,"Traskal"
Feimster-a.wav,"Feimster"
Baldwin-a.wav,"Baldwin"
Lechmanski-a.wav,"Lechmanski"
Taylor-a.wav,"Taylor"
Burke-a.wav,"Burke"
Russell-a.wav,"Russell"
Greatrix-a.wav,"Greatrix"
hugo-a.wav,"hugo"
baldwin-a.wav,"baldwin"
landskron-a.wav,"landskron"
Eingang-a.wav,"Eingang"
Appel-a.wav,"Appel"
Wellington-a.wav,"Wellington"
Scaniello-a.wav,"Scaniello"
Tibor-a.wav,"Tibor"
Dezső-a.wav,"Dezső"
Ádám-a.wav,"Ádám"
László-a.wav,"László"
András-a.wav,"András"
István-a.wav,"István"
Dániel-a.wav,"Dániel"
Márk-a.wav,"Márk"
Dávid-a.wav,"Dávid"
Péter-a.wav,"Péter"
Sándor-a.wav,"Sándor"
Zoltán-a.wav,"Zoltán"
Attila-a.wav,"Attila"
Bence-a.wav,"Bence"
Balázs-a.wav,"Balázs"
Roland-a.wav,"Roland"
Attila-a.wav,"Attila"
Tamás-a.wav,"Tamás"
Gyula-a.wav,"Gyula"
Balázs-a.wav,"Balázs"
Gergő-a.wav,"Gergő"
Ervin-a.wav,"Ervin"
Péter-a.wav,"Péter"
Róbert-a.wav,"Róbert"
Imre-a.wav,"Imre"
Dániel-a.wav,"Dániel"
Albert-a.wav,"Albert"
Gábor-a.wav,"Gábor"
Zoltán-a.wav,"Zoltán"
Máté-a.wav,"Máté"
Ákos-a.wav,"Ákos"
László-a.wav,"László"
Balázs-a.wav,"Balázs"
disco-a.wav,"disco"
Eingangrad-a.wav,"Eingangrad"
Caspian-a.wav,"Caspian"
Hetharion-a.wav,"Hetharion"
toker_row-a.wav,"toker_row"
S4b1n-a.wav,"S4b1n"
Rambo-a.wav,"Rambo"
NRTH-a.wav,"NRTH"
Dima-a.wav,"Dima"
Saeger-a.wav,"Saeger"
Black-a.wav,"Black"
Selloh-a.wav,"Selloh"
Sparrow-a.wav,"Sparrow"
Andreas-a.wav,"Andreas"
Gears-a.wav,"Gears"
Klemenz-a.wav,"Klemenz"
Miller-a.wav,"Miller"
Crowhop-a.wav,"Crowhop"
Schroeder-a.wav,"Schroeder"
Moe-a.wav,"Moe"
Goanna-a.wav,"Goanna"
Stitch-a.wav,"Stitch"
soldier-a.wav,"soldier"
Hindermann-a.wav,"Hindermann"
Stein-a.wav,"Stein"
Rene-a.wav,"Rene"
Marjan-a.wav,"Marjan"
DV8-a.wav,"DV8"
Dizz-a.wav,"Dizz"
Nuke-a.wav,"Nuke"
Jairo-a.wav,"Jairo"
Martin-a.wav,"Martin"
Papadopoulos-a.wav,"Papadopoulos"
Dog-a.wav,"Dog"
Siegwart-a.wav,"Siegwart"
Christian-a.wav,"Christian"
Vartulo-a.wav,"Vartulo"
Spofakl-a.wav,"Spofakl"
Thomas-a.wav,"Thomas"
Wile-a.wav,"Wile"
Michto-a.wav,"Michto"
Kaayser-a.wav,"Kaayser"
Bul-a.wav,"Bul"
Garry-a.wav,"Garry"
Krajewski-a.wav,"Krajewski"
Hans-a.wav,"Hans"
Ricker-a.wav,"Ricker"
Nemenems-a.wav,"Nemenems"
wutzmann-a.wav,"wutzmann"
Sanze-a.wav,"Sanze"
Barkhausen-a.wav,"Barkhausen"
NastyBoy-a.wav,"NastyBoy"
Ziegler-a.wav,"Ziegler"
Watana-a.wav,"Watana"
yens-a.wav,"yens"
Ewert-a.wav,"Ewert"
Hilpert-a.wav,"Hilpert"
Hiebl-a.wav,"Hiebl"
Ammann-a.wav,"Ammann"
Eingangrad-a.wav,"Eingangrad"
Caspian-a.wav,"Caspian"
Hetharion-a.wav,"Hetharion"
toker_row-a.wav,"toker_row"
leonivicius-a.wav,"leonivicius"
Koderman-a.wav,"Koderman"
Fazzi-a.wav,"Fazzi"
Kunze-a.wav,"Kunze"
Dyndegaard-a.wav,"Dyndegaard"
Ferraris-a.wav,"Ferraris"
Ahonen-a.wav,"Ahonen"
Beha-a.wav,"Beha"
Ojala-a.wav,"Ojala"
Raivio-a.wav,"Raivio"
Bailey-a.wav,"Bailey"
Heatlie-a.wav,"Heatlie"
Sintes-a.wav,"Sintes"
Pastorino-a.wav,"Pastorino"
Dahlberg-a.wav,"Dahlberg"
Amiel-a.wav,"Amiel"
Bovo-a.wav,"Bovo"
Alsabti-a.wav,"Alsabti"
Gaspar-a.wav,"Gaspar"
Schieder-a.wav,"Schieder"
Hillebrand-a.wav,"Hillebrand"
Jans-a.wav,"Jans"
Millan-a.wav,"Millan"
Wassermann-a.wav,"Wassermann"
Newcombe-a.wav,"Newcombe"
Hadlak-a.wav,"Hadlak"
Dyrlund-a.wav,"Dyrlund"
Louw-a.wav,"Louw"
Lupson-a.wav,"Lupson"
Manousakis-a.wav,"Manousakis"
Calò-a.wav,"Calò"
Angelidis-a.wav,"Angelidis"
Graham-a.wav,"Graham"
Janssens-a.wav,"Janssens"
Blokker-a.wav,"Blokker"
Kracht-a.wav,"Kracht"
Tol-a.wav,"Tol"
Demeulemeester-a.wav,"Demeulemeester"
Kasdorp-a.wav,"Kasdorp"
Oqvist-a.wav,"Oqvist"
Stako-a.wav,"Stako"
Nicolae-a.wav,"Nicolae"
Jacobs-a.wav,"Jacobs"
Grebenc-a.wav,"Grebenc"
Johnson-a.wav,"Johnson"
Osadowski-a.wav,"Osadowski"
Pinto-a.wav,"Pinto"
Lindsay-Rae-a.wav,"Lindsay-Rae"
Hall-a.wav,"Hall"
Donadel-a.wav,"Donadel"
Gridello-a.wav,"Gridello"
Chancellor-a.wav,"Chancellor"
Roehner-a.wav,"Roehner"
Parkin-a.wav,"Parkin"
Trevelyan-Johnson-a.wav,"Trevelyan-Johnson"
Karimaa-a.wav,"Karimaa"
Brzeziński-a.wav,"Brzeziński"
Gergis-a.wav,"Gergis"
Wisniewski-a.wav,"Wisniewski"
Pattie-a.wav,"Pattie"
Hodgkinson-a.wav,"Hodgkinson"
Mills-a.wav,"Mills"
Wilson-a.wav,"Wilson"
Reed-Edwards-a.wav,"Reed-Edwards"
Woodbury-a.wav,"Woodbury"
Djakovic-a.wav,"Djakovic"
Djordjevic-a.wav,"Djordjevic"
Taylor-a.wav,"Taylor"
Sofijanic-a.wav,"Sofijanic"
Pastorato-a.wav,"Pastorato"
Pizzo-a.wav,"Pizzo"
Radaelli-a.wav,"Radaelli"
Barclay-a.wav,"Barclay"
Riera-a.wav,"Riera"
Ruiz-a.wav,"Ruiz"
Tapper-a.wav,"Tapper"
Kappet-a.wav,"Kappet"
Costa-a.wav,"Costa"
Gomes-a.wav,"Gomes"
Norgren-a.wav,"Norgren"
Michel-a.wav,"Michel"
Kivela-a.wav,"Kivela"
Broadbent-a.wav,"Broadbent"
Mičiūnas-a.wav,"Mičiūnas"
Hardwick-a.wav,"Hardwick"
Stranne-a.wav,"Stranne"
Van Der Woude-a.wav,"Van Der Woude"
Kolodziejczyk-a.wav,"Kolodziejczyk"
Gardiner-a.wav,"Gardiner"
Barnard-a.wav,"Barnard"
Rossouw-a.wav,"Rossouw"
Delgado-a.wav,"Delgado"
Fuller-a.wav,"Fuller"
Guardia-a.wav,"Guardia"
Carranza-a.wav,"Carranza"
Dillon-a.wav,"Dillon"
McDonald-a.wav,"McDonald"
Hall-a.wav,"Hall"
Lind-a.wav,"Lind"
Tami-a.wav,"Tami"
Campbell-a.wav,"Campbell"
Dickman-a.wav,"Dickman"
Schuman-a.wav,"Schuman"
Alan-a.wav,"Alan"
Cappella-a.wav,"Cappella"
Soave-a.wav,"Soave"
Bonatti-a.wav,"Bonatti"
Porbadnik-a.wav,"Porbadnik"
Titz-a.wav,"Titz"
Wahlmeier-a.wav,"Wahlmeier"
Walterskotter-a.wav,"Walterskotter"
Arias-a.wav,"Arias"
Machado-a.wav,"Machado"
Rodriguez-a.wav,"Rodriguez"
Aldacour-a.wav,"Aldacour"
Rivero-a.wav,"Rivero"
Trappe-a.wav,"Trappe"
Holzkamp-a.wav,"Holzkamp"
Fernandez-a.wav,"Fernandez"
Sovik-a.wav,"Sovik"
Letchford-a.wav,"Letchford"
Pickford-a.wav,"Pickford"
Davies-a.wav,"Davies"
Offermans-a.wav,"Offermans"
Douna-a.wav,"Douna"
De Wit-a.wav,"De Wit"
Kiraly-a.wav,"Kiraly"
Knops-a.wav,"Knops"
Jacobs-a.wav,"Jacobs"
Bryson-a.wav,"Bryson"
James-a.wav,"James"
Hone-a.wav,"Hone"
Weijer-a.wav,"Weijer"
Buchan-a.wav,"Buchan"
Rusu-a.wav,"Rusu"
Strand-a.wav,"Strand"
Nichols-a.wav,"Nichols"
Schmieder-a.wav,"Schmieder"
Baldwin-a.wav,"Baldwin"
Beelen-a.wav,"Beelen"
De Jong-a.wav,"De Jong"
Van Dooren-a.wav,"Van Dooren"
Van Der Heijden-a.wav,"Van Der Heijden"
Schenkels-a.wav,"Schenkels"
Marsili-a.wav,"Marsili"
Marinaro-a.wav,"Marinaro"
Tortella-a.wav,"Tortella"
Fin-a.wav,"Fin"
Gridello-a.wav,"Gridello"
Machado-a.wav,"Machado"
Baccio-a.wav,"Baccio"
Martins-a.wav,"Martins"
Spall-a.wav,"Spall"
Ferrie-a.wav,"Ferrie"
Fortin-a.wav,"Fortin"
Fortin-a.wav,"Fortin"
Vindis-a.wav,"Vindis"
Nathan-a.wav,"Nathan"
Meyer-a.wav,"Meyer"
Grau-a.wav,"Grau"
Faber-a.wav,"Faber"
Grau-a.wav,"Grau"
Kolvenbach-a.wav,"Kolvenbach"
Petrozziello-a.wav,"Petrozziello"
Woitala-a.wav,"Woitala"
Ramada-a.wav,"Ramada"
Marques-a.wav,"Marques"
Preda-a.wav,"Preda"
Ryan-a.wav,"Ryan"
Schaller-a.wav,"Schaller"
Fege-a.wav,"Fege"
Muller-a.wav,"Muller"
Miebach-a.wav,"Miebach"
Gerzack-a.wav,"Gerzack"
Lakota-a.wav,"Lakota"
Baross-a.wav,"Baross"
Rizzo-a.wav,"Rizzo"
Puoti-a.wav,"Puoti"
Sardina-a.wav,"Sardina"
Davidovic-a.wav,"Davidovic"
Schoonvliet-a.wav,"Schoonvliet"
Sentell-a.wav,"Sentell"
Almeida-a.wav,"Almeida"
Kouri-a.wav,"Kouri"
Baumbach-a.wav,"Baumbach"
Grebe-a.wav,"Grebe"
Smith-a.wav,"Smith"
Berger-a.wav,"Berger"
Ukic-a.wav,"Ukic"
Brault-a.wav,"Brault"
Burggraf-a.wav,"Burggraf"
Taruna-a.wav,"Taruna"
Beranek-a.wav,"Beranek"
Schmidt-a.wav,"Schmidt"
Baaden-a.wav,"Baaden"
Glatter-a.wav,"Glatter"
Azevedo-a.wav,"Azevedo"
Csincsik-a.wav,"Csincsik"
Wizner-a.wav,"Wizner"
Bell-a.wav,"Bell"
van der Weide-a.wav,"van der Weide"
Feddema-a.wav,"Feddema"
Angelone-a.wav,"Angelone"
Muller-a.wav,"Muller"
Fernandez-a.wav,"Fernandez"
Willis-a.wav,"Willis"
Nelson-a.wav,"Nelson"
Russell-a.wav,"Russell"
Chalot-a.wav,"Chalot"
Quiveu-a.wav,"Quiveu"
Ferreiro-a.wav,"Ferreiro"
Garrido-a.wav,"Garrido"
Arnedo-a.wav,"Arnedo"
Bulat-a.wav,"Bulat"
Kaczka-a.wav,"Kaczka"
Grobelny-a.wav,"Grobelny"
Cieslak-a.wav,"Cieslak"
Cuppen-a.wav,"Cuppen"
Gustina-a.wav,"Gustina"
de Muinck-a.wav,"de Muinck"
Barkley-a.wav,"Barkley"
Szykula-a.wav,"Szykula"
Morawiec-a.wav,"Morawiec"
Holtrigter-a.wav,"Holtrigter"
Flaszynski-a.wav,"Flaszynski"
Folcher-a.wav,"Folcher"
Muhammad-a.wav,"Muhammad"
Kumartaslioglu-a.wav,"Kumartaslioglu"
Maulana-a.wav,"Maulana"
Lockwood-a.wav,"Lockwood"
Smarda-a.wav,"Smarda"
Surhanak-a.wav,"Surhanak"
Bar-a.wav,"Bar"
Lopez-a.wav,"Lopez"
Mlynek-a.wav,"Mlynek"
Biernat-a.wav,"Biernat"
Gerber-a.wav,"Gerber"
Burke-a.wav,"Burke"
Sehnal-a.wav,"Sehnal"
Bogusz-a.wav,"Bogusz"
Walsh-a.wav,"Walsh"
Nilson-a.wav,"Nilson"
Naslund-a.wav,"Naslund"
Streppone-a.wav,"Streppone"
Crevin-a.wav,"Crevin"
Vaahti-a.wav,"Vaahti"
Schmidt-a.wav,"Schmidt"
Pollero-a.wav,"Pollero"
Lence-a.wav,"Lence"
Mantovani-a.wav,"Mantovani"
Lapadula-a.wav,"Lapadula"
Molle-a.wav,"Molle"
Laskac-a.wav,"Laskac"
Demateo-a.wav,"Demateo"
Demartino-a.wav,"Demartino"
Cravero-a.wav,"Cravero"
Lorenti-a.wav,"Lorenti"
Kenyon-a.wav,"Kenyon"
Bailey-a.wav,"Bailey"
Tremmel-Hays-a.wav,"Tremmel-Hays"
Milano-a.wav,"Milano"
Folegati-a.wav,"Folegati"
Vigliotti-a.wav,"Vigliotti"
Soleilhac-a.wav,"Soleilhac"
Bohorodycz-a.wav,"Bohorodycz"
Quenaudon-a.wav,"Quenaudon"
Dion-a.wav,"Dion"
Del Alamo-a.wav,"Del Alamo"
Alvarez-a.wav,"Alvarez"
Fabian-a.wav,"Fabian"
Lafarga-a.wav,"Lafarga"
Serra-a.wav,"Serra"
Visser-a.wav,"Visser"
Makkus-a.wav,"Makkus"
de Baar-a.wav,"de Baar"
Bouma-a.wav,"Bouma"
Gulpen-a.wav,"Gulpen"
Delmont-a.wav,"Delmont"
Curry-a.wav,"Curry"
Scott-a.wav,"Scott"
Hughes-a.wav,"Hughes"
Noe-a.wav,"Noe"
Molbech-a.wav,"Molbech"
Halvorsen-a.wav,"Halvorsen"
Holleufer-a.wav,"Holleufer"
Klont-a.wav,"Klont"
Hinss-a.wav,"Hinss"
Jordan-a.wav,"Jordan"
Hoekstra-a.wav,"Hoekstra"
Sirc-a.wav,"Sirc"
Studnicka-a.wav,"Studnicka"
Vanak-a.wav,"Vanak"
Prokes-a.wav,"Prokes"
Prokes-a.wav,"Prokes"
Cocozza-a.wav,"Cocozza"
Di Cello-a.wav,"Di Cello"
Catricala-a.wav,"Catricala"
Cannistraci-a.wav,"Cannistraci"
Klop-a.wav,"Klop"
Uyan-a.wav,"Uyan"
Uyan-a.wav,"Uyan"
Goux-a.wav,"Goux"
Hart-a.wav,"Hart"
Hall-a.wav,"Hall"
Russell-a.wav,"Russell"
Hoier-a.wav,"Hoier"
van der Sloot-a.wav,"van der Sloot"
Ciampa-a.wav,"Ciampa"
Rosenly-a.wav,"Rosenly"
Sola-a.wav,"Sola"
Venteo-a.wav,"Venteo"
Matallana-a.wav,"Matallana"
Simeon-a.wav,"Simeon"
Canet-a.wav,"Canet"
Vazquez-a.wav,"Vazquez"
Noriega-a.wav,"Noriega"
Ori-a.wav,"Ori"
Fernandez-a.wav,"Fernandez"
Rico-a.wav,"Rico"
Cijsouw-a.wav,"Cijsouw"
Gijsen-a.wav,"Gijsen"
van Doren-a.wav,"van Doren"
van den Hof-a.wav,"van den Hof"
Velthove-a.wav,"Velthove"
Braeutigam-a.wav,"Braeutigam"
Jundt-a.wav,"Jundt"
Horn-a.wav,"Horn"
Demirci-a.wav,"Demirci"
Duku-a.wav,"Duku"
Swaczyna-a.wav,"Swaczyna"
Schroder-a.wav,"Schroder"
Santos-a.wav,"Santos"
Dittrich-a.wav,"Dittrich"
Silveira-a.wav,"Silveira"
Salgueirinho-a.wav,"Salgueirinho"
Pleva-a.wav,"Pleva"
Vyslouzil-a.wav,"Vyslouzil"
Kubik-a.wav,"Kubik"
Sramek-a.wav,"Sramek"
Hoare-a.wav,"Hoare"
Lange-a.wav,"Lange"
McGown-a.wav,"McGown"
Serini-a.wav,"Serini"
Bellini-a.wav,"Bellini"
Dalledonne-a.wav,"Dalledonne"
Bononi-a.wav,"Bononi"
Cesana-a.wav,"Cesana"
Lopez-a.wav,"Lopez"
Rojas-a.wav,"Rojas"
Destefanis-a.wav,"Destefanis"
Perucca-a.wav,"Perucca"
Silva-a.wav,"Silva"
Belao-a.wav,"Belao"
Schlichting-a.wav,"Schlichting"
Beninca-a.wav,"Beninca"
Hellmuth-a.wav,"Hellmuth"
Rothaug-a.wav,"Rothaug"
Szyrzik-a.wav,"Szyrzik"
Jaeger-a.wav,"Jaeger"
Lammi-a.wav,"Lammi"
Miller-a.wav,"Miller"
Farmer-a.wav,"Farmer"
Demircan-a.wav,"Demircan"
Tokmak-a.wav,"Tokmak"
Peretti-a.wav,"Peretti"
Ricci-a.wav,"Ricci"
Hess-a.wav,"Hess"
Seunarain-a.wav,"Seunarain"
Crespi-a.wav,"Crespi"
Peverati-a.wav,"Peverati"
Abreu-a.wav,"Abreu"
Golda-a.wav,"Golda"
Wallis-a.wav,"Wallis"
Ivaldi-a.wav,"Ivaldi"
Barbosa-a.wav,"Barbosa"
Santos-a.wav,"Santos"
Gomes-a.wav,"Gomes"
Williamson-a.wav,"Williamson"
Cestari-a.wav,"Cestari"
Ciriello-a.wav,"Ciriello"
Woollard-a.wav,"Woollard"
Riva-a.wav,"Riva"
Tulli-a.wav,"Tulli"
Cangioli-a.wav,"Cangioli"
Scalet-a.wav,"Scalet"
Crafford-a.wav,"Crafford"
Bachmann-a.wav,"Bachmann"
Araujo-a.wav,"Araujo"
Chiarini-a.wav,"Chiarini"
Lotterman-a.wav,"Lotterman"
MirJalalli-a.wav,"MirJalalli"
Price-Harper-a.wav,"Price-Harper"
Talbot-a.wav,"Talbot"
Brito-a.wav,"Brito"
Piccolo-a.wav,"Piccolo"
Alves-a.wav,"Alves"
Anderson-a.wav,"Anderson"
Petrovsky-a.wav,"Petrovsky"
Garassino-a.wav,"Garassino"
Tortella-a.wav,"Tortella"
Lazzarato-a.wav,"Lazzarato"
Wirtz-a.wav,"Wirtz"
Mazzetti-a.wav,"Mazzetti"
Henebury-a.wav,"Henebury"
Surhanak-a.wav,"Surhanak"
Cakmakli-a.wav,"Cakmakli"
Cabral-a.wav,"Cabral"
Pavlicek-a.wav,"Pavlicek"
Lopez-a.wav,"Lopez"
Dagostino-a.wav,"Dagostino"
Gonzaga-a.wav,"Gonzaga"
Braganca-a.wav,"Braganca"
Lopes-a.wav,"Lopes"
Varmuzka-a.wav,"Varmuzka"
Rivera-a.wav,"Rivera"
Alitta-a.wav,"Alitta"
de Filippis-a.wav,"de Filippis"
Pietrfesa-a.wav,"Pietrfesa"
Azevedo-a.wav,"Azevedo"
Voytypka-a.wav,"Voytypka"
Crabb-a.wav,"Crabb"
Lachevre-a.wav,"Lachevre"
Knoll-a.wav,"Knoll"
Luty-a.wav,"Luty"
Mella-a.wav,"Mella"
Gazulla-a.wav,"Gazulla"
Silvera-a.wav,"Silvera"
Teien-a.wav,"Teien"
Fazzi-a.wav,"Fazzi"
Trevelyan-a.wav,"Trevelyan"
Aiello-a.wav,"Aiello"
Stoltze-a.wav,"Stoltze"
Nalepa-a.wav,"Nalepa"
Ambus-a.wav,"Ambus"
Bert-a.wav,"Bert"
Ylostalo-a.wav,"Ylostalo"
Redshaw-a.wav,"Redshaw"
Richards-a.wav,"Richards"
Ulgalde-a.wav,"Ulgalde"
Lepoutre-a.wav,"Lepoutre"
Hansen-a.wav,"Hansen"
Pardoe-a.wav,"Pardoe"
Cox-a.wav,"Cox"
Timpen-a.wav,"Timpen"
Kiss-a.wav,"Kiss"
Vinnari-a.wav,"Vinnari"
Doornbus-a.wav,"Doornbus"
Lundvall-a.wav,"Lundvall"
Corazzari-a.wav,"Corazzari"
Jajovski-a.wav,"Jajovski"
Levasier-a.wav,"Levasier"
Benoit-a.wav,"Benoit"
Lexow-a.wav,"Lexow"
Stensnaes-a.wav,"Stensnaes"
Borell-a.wav,"Borell"
Bollwinkel-a.wav,"Bollwinkel"
Indyka-a.wav,"Indyka"
Sousa-a.wav,"Sousa"
Williams-a.wav,"Williams"
Dani-a.wav,"Dani"
Sparks-a.wav,"Sparks"
Lenz-a.wav,"Lenz"
Catherine-a.wav,"Catherine"
Kelly-a.wav,"Kelly"
Dollar-a.wav,"Dollar"
Carmichael-a.wav,"Carmichael"
Davis-a.wav,"Davis"
Meijer-a.wav,"Meijer"
Peters-a.wav,"Peters"
Koetz-a.wav,"Koetz"
Filippakos-a.wav,"Filippakos"
Dang-a.wav,"Dang"
trip-a.wav,"trip"
Morvic-a.wav,"Morvic"
Stiborski-a.wav,"Stiborski"
Garscha-a.wav,"Garscha"
Haribo-a.wav,"Haribo"
Salehi-a.wav,"Salehi"
Neawoulf-a.wav,"Neawoulf"
Adnanso-a.wav,"Adnanso"
Revane-a.wav,"Revane"
gmac-a.wav,"gmac"
Hervás-a.wav,"Hervás"
lentes-a.wav,"lentes"
Jamiri-a.wav,"Jamiri"
Gerald-a.wav,"Gerald"
Zombie-a.wav,"Zombie"
Crusader-a.wav,"Crusader"
K P R-a.wav,"K P R"
Maggels-a.wav,"Maggels"
Worthy-a.wav,"Worthy"
Hirsch-a.wav,"Hirsch"
Trevelyan-Johnson-a.wav,"Trevelyan-Johnson"
Trevelyan-Johnson-a.wav,"Trevelyan-Johnson"
Evil-a.wav,"Evil"
gartner-a.wav,"gartner"
Audi75-a.wav,"Audi75"
Kai-a.wav,"Kai"
Lee-a.wav,"Lee"
Dove-a.wav,"Dove"
Bull-a.wav,"Bull"
CaptainSloth-a.wav,"CaptainSloth"
chalk-a.wav,"chalk"
Crank-a.wav,"Crank"
dan-a.wav,"dan"
Debug-a.wav,"Debug"
Ernie-a.wav,"Ernie"
Fearless-a.wav,"Fearless"
Force-a.wav,"Force"
GearKnob-a.wav,"GearKnob"
Ghost-a.wav,"Ghost"
beard-a.wav,"beard"
McLaren-a.wav,"McLaren"
Helmit-a.wav,"Helmit"
Isaac-a.wav,"Isaac"
Jammer-a.wav,"Jammer"
Karnage-a.wav,"Karnage"
Lurch-a.wav,"Lurch"
McWeaksauce-a.wav,"McWeaksauce"
memeticshift-a.wav,"memeticshift"
MSKbeans-a.wav,"MSKbeans"
Painternator-a.wav,"Painternator"
pinponto-a.wav,"pinponto"
RammingSpeed-a.wav,"RammingSpeed"
Reaperman-a.wav,"Reaperman"
Rodders-a.wav,"Rodders"
rvn-a.wav,"rvn"
Sinoob-a.wav,"Sinoob"
Speeddemon-a.wav,"Speeddemon"
splifsend-a.wav,"splifsend"
Supa-a.wav,"Supa"
Superstar-a.wav,"Superstar"
Rick-a.wav,"Rick"
TK421-a.wav,"TK421"
trash-a.wav,"trash"
Warmos-a.wav,"Warmos"
Zetax-a.wav,"Zetax"
Kwiatkowski-a.wav,"Kwiatkowski"
Kilford-a.wav,"Kilford"
Holt-a.wav,"Holt"
Rebello-a.wav,"Rebello"
Burkhardt-a.wav,"Burkhardt"
Petrovic-a.wav,"Petrovic"
Bond-a.wav,"Bond"
Pearson-a.wav,"Pearson"
Woodruff-a.wav,"Woodruff"
Charpentier-a.wav,"Charpentier"
Den Elzen-a.wav,"Den Elzen"
Grudzinskas-a.wav,"Grudzinskas"
Murray-a.wav,"Murray"
Jeffrey-a.wav,"Jeffrey"
Barber-a.wav,"Barber"
Joyce-a.wav,"Joyce"
Paton-a.wav,"Paton"
De Verteuil-a.wav,"De Verteuil"
Torrance-a.wav,"Torrance"
Harcla-a.wav,"Harcla"
Teron-a.wav,"Teron"
Laur-a.wav,"Laur"
Monteiro-a.wav,"Monteiro"
Maynard-a.wav,"Maynard"
Kelly-a.wav,"Kelly"
Finney-a.wav,"Finney"
Lass-a.wav,"Lass"
Harding-a.wav,"Harding"
abarrow-a.wav,"abarrow"
Hughes-a.wav,"Hughes"
Davison-a.wav,"Davison"
Carpenter-a.wav,"Carpenter"
Rice-a.wav,"Rice"
Shepherd-a.wav,"Shepherd"
Chadwick-a.wav,"Chadwick"
Dougherty-a.wav,"Dougherty"
Ross-a.wav,"Ross"
Maywood-a.wav,"Maywood"
Crane-a.wav,"Crane"
Cox-a.wav,"Cox"
Bracchi-a.wav,"Bracchi"
Polson-a.wav,"Polson"
Kraus-a.wav,"Kraus"
Bolukbasi-a.wav,"Bolukbasi"
Smaglia-a.wav,"Smaglia"
Ribolli-a.wav,"Ribolli"
Scoops-a.wav,"Scoops"
Dunki-a.wav,"Dunki"
Cagey-a.wav,"Cagey"
RedSLR-a.wav,"RedSLR"
Wrighty-a.wav,"Wrighty"
abbott-a.wav,"abbott"
angelo-a.wav,"angelo"
austin-a.wav,"austin"
bretodeau-a.wav,"bretodeau"
butcher-a.wav,"butcher"
davenport-a.wav,"davenport"
depper-a.wav,"depper"
epps-a.wav,"epps"
goff-a.wav,"goff"
gorman-a.wav,"gorman"
hops-a.wav,"hops"
ingham-a.wav,"ingham"
ingston-a.wav,"ingston"
jelley-a.wav,"jelley"
minard-a.wav,"minard"
moll-a.wav,"moll"
mound-a.wav,"mound"
patrick-a.wav,"patrick"
pollard-a.wav,"pollard"
rollard-a.wav,"rollard"
rostof-a.wav,"rostof"
smiley-a.wav,"smiley"
strandberg-a.wav,"strandberg"
tordoff-a.wav,"tordoff"
toldoff-a.wav,"toldoff"
wayne-a.wav,"wayne"
ocon-a.wav,"ocon"
Sainz-a.wav,"Sainz"
magnussen-a.wav,"magnussen"
stroll-a.wav,"stroll"
ericsson-a.wav,"ericsson"
Vandorne-a.wav,"Vandorne"
kvyat-a.wav,"kvyat"
giovinazzi-a.wav,"giovinazzi"
gasly-a.wav,"gasly"
albacete-a.wav,"albacete"
pareja-a.wav,"pareja"
bovensiepen-a.wav,"bovensiepen"
meeuvissen-a.wav,"meeuvissen"
goeser-a.wav,"goeser"
hahne-a.wav,"hahne"
mattschull-a.wav,"mattschull"
ballot-lena-a.wav,"ballot-lena"
malcher-a.wav,"malcher"
bello-a.wav,"bello"
bertapelle-a.wav,"bertapelle"
bosshard-a.wav,"bosshard"
cambiaghi-a.wav,"cambiaghi"
sasiambarrena-a.wav,"sasiambarrena"
brabham-a.wav,"brabham"
fangio-a.wav,"fangio"
brock-a.wav,"brock"
crompton-a.wav,"crompton"
bychl-a.wav,"bychl"
faubel-a.wav,"faubel"
castagna-a.wav,"castagna"
orlandi-a.wav,"orlandi"
brancatelli-a.wav,"brancatelli"
chrichton-a.wav,"chrichton"
fury-a.wav,"fury"
danner-a.wav,"danner"
dupre-a.wav,"dupre"
coyne-a.wav,"coyne"
crichton-a.wav,"crichton"
crowe-a.wav,"crowe"
bartlett-a.wav,"bartlett"
janson-a.wav,"janson"
tulloch-a.wav,"tulloch"
schlesser-a.wav,"schlesser"
sears-a.wav,"sears"
de dryver-a.wav,"de dryver"
deletraz-a.wav,"deletraz"
quester-a.wav,"quester"
joosen-a.wav,"joosen"
emmerling-a.wav,"emmerling"
hine-a.wav,"hine"
vermeersch-a.wav,"vermeersch"
english-a.wav,"english"
giroix-a.wav,"giroix"
fabre-a.wav,"fabre"
fevrot-a.wav,"fevrot"
di gioia-a.wav,"di gioia"
francevic-a.wav,"francevic"
finauer-a.wav,"finauer"
sytner-a.wav,"sytner"
rogers-a.wav,"rogers"
metge-a.wav,"metge"
gulson-a.wav,"gulson"
hansford-a.wav,"hansford"
grice-a.wav,"grice"
moreno-a.wav,"moreno"
grouillard-a.wav,"grouillard"
sala-a.wav,"sala"
murmann-a.wav,"murmann"
haezebrouck-a.wav,"haezebrouck"
huysman-a.wav,"huysman"
hamelmann-a.wav,"hamelmann"
de radigues-a.wav,"de radigues"
kalaschek-a.wav,"kalaschek"
hesnault-a.wav,"hesnault"
loudvig-a.wav,"loudvig"
van de poele-a.wav,"van de poele"
hulme-a.wav,"hulme"
jabouille-a.wav,"jabouille"
bleynie-a.wav,"bleynie"
lafitte-a.wav,"lafitte"
weaver-a.wav,"weaver"
keogh-a.wav,"keogh"
cotter-a.wav,"cotter"
lagodny-a.wav,"lagodny"
llewelyn-a.wav,"llewelyn"
gerold-a.wav,"gerold"
sommariva-a.wav,"sommariva"
baigent-a.wav,"baigent"
wall-a.wav,"wall"
koenig-a.wav,"koenig"
rensing-a.wav,"rensing"
lingmann-a.wav,"lingmann"
hoelzl-a.wav,"hoelzl"
lorimer-a.wav,"lorimer"
mhyre-a.wav,"mhyre"
ludwig finauer-a.wav,"ludwig finauer"
petit-a.wav,"petit"
maljean-a.wav,"maljean"
bertinchamps-a.wav,"bertinchamps"
niederhof-a.wav,"niederhof"
hessel-a.wav,"hessel"
ketterer-a.wav,"ketterer"
oestreich-a.wav,"oestreich"
theys-a.wav,"theys"
stermitz-a.wav,"stermitz"
jassaud-a.wav,"jassaud"
micangeli-a.wav,"micangeli"
morin-a.wav,"morin"
de lesseps-a.wav,"de lesseps"
whale-a.wav,"whale"
wirdheim-a.wav,"wirdheim"
manthey-a.wav,"manthey"
palma-a.wav,"palma"
gasparri-a.wav,"gasparri"
buxtorf-a.wav,"buxtorf"
oberndorfer-a.wav,"oberndorfer"
ratzenberger-a.wav,"ratzenberger"
radisich-a.wav,"radisich"
raes-a.wav,"raes"
cremer-a.wav,"cremer"
gulson-a.wav,"gulson"
walterscheid-mueller-a.wav,"walterscheid-mueller"
hoy-a.wav,"hoy"
mckellar-a.wav,"mckellar"
sorensen-a.wav,"sorensen"
von loewis-a.wav,"von loewis"
van debem-a.wav,"van debem"
krab-a.wav,"krab"
van hove-a.wav,"van hove"
schinkel-a.wav,"schinkel"
vanicek-a.wav,"vanicek"
tomasek-a.wav,"tomasek"
vogt-a.wav,"vogt"
thatcher-a.wav,"thatcher"
vojtech-a.wav,"vojtech"
mertes-a.wav,"mertes"
wollstadt-a.wav,"wollstadt"
hass-a.wav,"hass"
hatje-a.wav,"hatje"
arella-a.wav,"arella"
boon-a.wav,"boon"
bakus-a.wav,"bakus"
dhoore-a.wav,"dhoore"
eugeni-a.wav,"eugeni"
mimran-a.wav,"mimran"
gjikoli-a.wav,"gjikoli"
Gillispie-a.wav,"Gillispie"
Dalton-a.wav,"Dalton"
Jaen-a.wav,"Jaen"
McCabe-a.wav,"McCabe"
Sahin-a.wav,"Sahin"
Duran-a.wav,"Duran"
Mottoule-a.wav,"Mottoule"
Kederer-a.wav,"Kederer"
Badcock-a.wav,"Badcock"
Hartup-a.wav,"Hartup"
Kojic-a.wav,"Kojic"
Stulic-a.wav,"Stulic"
Bitala-a.wav,"Bitala"
de jong-a.wav,"de jong"
jurca-a.wav,"jurca"
chardonneau-a.wav,"chardonneau"
florez-a.wav,"florez"
kearley-a.wav,"kearley"
parginos-a.wav,"parginos"
rubio-a.wav,"rubio"
baud-a.wav,"baud"
chan-a.wav,"chan"
jura-a.wav,"jura"
leung-a.wav,"leung"
morales-a.wav,"morales"
nieuwoudt-a.wav,"nieuwoudt"
conn-a.wav,"conn"
kekule-a.wav,"kekule"
Atkinson-a.wav,"Atkinson"
van Beusekom-a.wav,"van Beusekom"
Zwiers-a.wav,"Zwiers"
Uyan-a.wav,"Uyan"
Hall-a.wav,"Hall"
Uyan-a.wav,"Uyan"
Goux-a.wav,"Goux"
Baumbach-a.wav,"Baumbach"
Streppone-a.wav,"Streppone"
Lange-a.wav,"Lange"
Santiago Carou-a.wav,"Santiago Carou"
Van der Merwe-a.wav,"Van der Merwe"
De Angelis-a.wav,"De Angelis"
van der Sterren-a.wav,"van der Sterren"
Roel Houben-a.wav,"Roel Houben"
Tom Houben-a.wav,"Tom Houben"
Martin Godolakis-a.wav,"Martin Godolakis"
Erik Godolakis-a.wav,"Erik Godolakis"
Dennis Rottmann-a.wav,"Dennis Rottmann"
Marc Rottmann-a.wav,"Marc Rottmann"
David Wyatt-a.wav,"David Wyatt"
Michael Wyatt-a.wav,"Michael Wyatt"
pod 1-a.wav,"pod 1"
pod 2-a.wav,"pod 2"
pod 3-a.wav,"pod 3"
pod 4-a.wav,"pod 4"
pod 5-a.wav,"pod 5"
pod 6-a.wav,"pod 6"
pod 7-a.wav,"pod 7"
pod 8-a.wav,"pod 8"
pod 9-a.wav,"pod 9"
pod 10-a.wav,"pod 10"
pod 11-a.wav,"pod 11"
pod 12-a.wav,"pod 12"
pod 13-a.wav,"pod 13"
pod 14-a.wav,"pod 14"
pod 15-a.wav,"pod 15"
pod 16-a.wav,"pod 16"
pod 17-a.wav,"pod 17"
pod 18-a.wav,"pod 18"
pod 19-a.wav,"pod 19"
pod 20-a.wav,"pod 20"
pod 21-a.wav,"pod 21"
pod 22-a.wav,"pod 22"
pod 23-a.wav,"pod 23"
pod 24-a.wav,"pod 24"
pod 25-a.wav,"pod 25"
pod 1-a.wav,"pod 1"
pod 2-a.wav,"pod 2"
pod 3-a.wav,"pod 3"
pod 4-a.wav,"pod 4"
pod 5-a.wav,"pod 5"
pod 6-a.wav,"pod 6"
pod 7-a.wav,"pod 7"
pod 8-a.wav,"pod 8"
pod 9-a.wav,"pod 9"
pod 10-a.wav,"pod 10"
pod 11-a.wav,"pod 11"
pod 12-a.wav,"pod 12"
pod 13-a.wav,"pod 13"
pod 14-a.wav,"pod 14"
pod 15-a.wav,"pod 15"
pod 16-a.wav,"pod 16"
pod 17-a.wav,"pod 17"
pod 18-a.wav,"pod 18"
pod 19-a.wav,"pod 19"
pod 20-a.wav,"pod 20"
pod 21-a.wav,"pod 21"
pod 22-a.wav,"pod 22"
pod 23-a.wav,"pod 23"
pod 24-a.wav,"pod 24"
pod 25-a.wav,"pod 25"
pod 1-a.wav,"pod 1"
pod 2-a.wav,"pod 2"
pod 3-a.wav,"pod 3"
pod 4-a.wav,"pod 4"
pod 5-a.wav,"pod 5"
pod 6-a.wav,"pod 6"
pod 7-a.wav,"pod 7"
pod 8-a.wav,"pod 8"
pod 9-a.wav,"pod 9"
pod 10-a.wav,"pod 10"
pod 11-a.wav,"pod 11"
pod 12-a.wav,"pod 12"
pod 13-a.wav,"pod 13"
pod 14-a.wav,"pod 14"
pod 15-a.wav,"pod 15"
pod 16-a.wav,"pod 16"
pod 17-a.wav,"pod 17"
pod 18-a.wav,"pod 18"
pod 19-a.wav,"pod 19"
pod 20-a.wav,"pod 20"
pod 21-a.wav,"pod 21"
pod 22-a.wav,"pod 22"
pod 23-a.wav,"pod 23"
pod 24-a.wav,"pod 24"
pod 25-a.wav,"pod 25"
pod 1-a.wav,"pod 1"
pod 2-a.wav,"pod 2"
pod 3-a.wav,"pod 3"
pod 4-a.wav,"pod 4"
pod 5-a.wav,"pod 5"
pod 6-a.wav,"pod 6"
pod 7-a.wav,"pod 7"
pod 8-a.wav,"pod 8"
pod 9-a.wav,"pod 9"
pod 10-a.wav,"pod 10"
pod 11-a.wav,"pod 11"
pod 12-a.wav,"pod 12"
pod 13-a.wav,"pod 13"
pod 14-a.wav,"pod 14"
pod 15-a.wav,"pod 15"
pod 16-a.wav,"pod 16"
pod 17-a.wav,"pod 17"
pod 18-a.wav,"pod 18"
pod 19-a.wav,"pod 19"
pod 20-a.wav,"pod 20"
pod 21-a.wav,"pod 21"
pod 22-a.wav,"pod 22"
pod 23-a.wav,"pod 23"
pod 24-a.wav,"pod 24"
pod 25-a.wav,"pod 25"
pod 1-a.wav,"pod 1"
pod 2-a.wav,"pod 2"
pod 3-a.wav,"pod 3"
pod 4-a.wav,"pod 4"
pod 5-a.wav,"pod 5"
pod 6-a.wav,"pod 6"
pod 7-a.wav,"pod 7"
pod 8-a.wav,"pod 8"
pod 9-a.wav,"pod 9"
pod 10-a.wav,"pod 10"
pod 11-a.wav,"pod 11"
pod 12-a.wav,"pod 12"
pod 13-a.wav,"pod 13"
pod 14-a.wav,"pod 14"
pod 15-a.wav,"pod 15"
pod 16-a.wav,"pod 16"
pod 17-a.wav,"pod 17"
pod 18-a.wav,"pod 18"
pod 19-a.wav,"pod 19"
pod 20-a.wav,"pod 20"
pod 21-a.wav,"pod 21"
pod 22-a.wav,"pod 22"
pod 23-a.wav,"pod 23"
pod 24-a.wav,"pod 24"
pod 25-a.wav,"pod 25"
pod 1-a.wav,"pod 1"
pod 2-a.wav,"pod 2"
pod 3-a.wav,"pod 3"
pod 4-a.wav,"pod 4"
pod 5-a.wav,"pod 5"
pod 6-a.wav,"pod 6"
pod 7-a.wav,"pod 7"
pod 8-a.wav,"pod 8"
pod 9-a.wav,"pod 9"
pod 10-a.wav,"pod 10"
pod 11-a.wav,"pod 11"
pod 12-a.wav,"pod 12"
pod 13-a.wav,"pod 13"
pod 14-a.wav,"pod 14"
pod 15-a.wav,"pod 15"
pod 16-a.wav,"pod 16"
pod 17-a.wav,"pod 17"
pod 18-a.wav,"pod 18"
pod 19-a.wav,"pod 19"
pod 20-a.wav,"pod 20"
pod 21-a.wav,"pod 21"
pod 22-a.wav,"pod 22"
pod 23-a.wav,"pod 23"
pod 24-a.wav,"pod 24"
pod 25-a.wav,"pod 25"
belowski-a.wav,"belowski"
ralph-a.wav,"ralph"
mabi-a.wav,"mabi"
tealeyed-a.wav,"tealeyed"
balou-a.wav,"balou"
clements-a.wav,"clements"
homes-a.wav,"homes"
carr-a.wav,"carr"
martinez-a.wav,"martinez"
gomez-a.wav,"gomez"
mueller-a.wav,"mueller"
clarke-a.wav,"clarke"
fisher-a.wav,"fisher"
alzamora-a.wav,"alzamora"
Anderson-a.wav,"Anderson"
chaves-a.wav,"chaves"
christophe-a.wav,"christophe"
christopherson-a.wav,"christopherson"
christopherson-a.wav,"christopherson"
dalessandro-a.wav,"dalessandro"
franke-a.wav,"franke"
laux-a.wav,"laux"
lawton-a.wav,"lawton"
lee-a.wav,"lee"
macdonald-a.wav,"macdonald"
moore-a.wav,"moore"
sargent-a.wav,"sargent"
son-a.wav,"son"
thomas-a.wav,"thomas"
weber-a.wav,"weber"
hunt-a.wav,"hunt"
brien-a.wav,"brien"
clemente-a.wav,"clemente"
decampos-a.wav,"decampos"
faulds-a.wav,"faulds"
follett-a.wav,"follett"
graham-a.wav,"graham"
gray-a.wav,"gray"
healyfs-a.wav,"healyfs"
hughes-a.wav,"hughes"
larsen-a.wav,"larsen"
mansson-a.wav,"mansson"
meller-a.wav,"meller"
prinz-a.wav,"prinz"
stevenson-a.wav,"stevenson"
vila-a.wav,"vila"
young-a.wav,"young"
houston-a.wav,"houston"
hanson-a.wav,"hanson"
holts-a.wav,"holts"
holts-a.wav,"holts"
-a.wav,""
madison-a.wav,"madison"
red four-a.wav,"red four"
arterus-a.wav,"arterus"
grom-a.wav,"grom"
grom-a.wav,"grom"
querty-a.wav,"querty"
reaperman-a.wav,"reaperman"
wyster-a.wav,"wyster"
opal-a.wav,"opal"
haggis-a.wav,"haggis"
putty-a.wav,"putty"
moon dog-a.wav,"moon dog"
nox-a.wav,"nox"
curves-a.wav,"curves"
dexter-a.wav,"dexter"
chris-a.wav,"chris"
trap-a.wav,"trap"
hagar-a.wav,"hagar"
sindra-a.wav,"sindra"
how good am i-a.wav,"how good am i"
meeksta-a.wav,"meeksta"
animera-a.wav,"animera"
luigi-a.wav,"luigi"
dabbo-a.wav,"dabbo"
whats his name-a.wav,"whats his name"
cain-a.wav,"cain"
soak-a.wav,"soak"
en see see-a.wav,"en see see"
bills kid-a.wav,"bills kid"
nelson-a.wav,"nelson"
weber-a.wav,"weber"
rumble fish-a.wav,"rumble fish"
peeds-a.wav,"peeds"
snake kid-a.wav,"snake kid"
schmidt-a.wav,"schmidt"
mikey-a.wav,"mikey"
stefan-a.wav,"stefan"
dwelk-a.wav,"dwelk"
schmidt-a.wav,"schmidt"
hawk-a.wav,"hawk"
ice man-a.wav,"ice man"
pac-a.wav,"pac"
tille-a.wav,"tille"
alex-a.wav,"alex"
mokka-a.wav,"mokka"
armageddon-a.wav,"armageddon"
jay-a.wav,"jay"
janjmar-a.wav,"janjmar"
wower-a.wav,"wower"
bendy bayer-a.wav,"bendy bayer"
tobe mayen-a.wav,"tobe mayen"
mathy-a.wav,"mathy"
gambi-a.wav,"gambi"
giro-a.wav,"giro"
petro-a.wav,"petro"
taylor-a.wav,"taylor"
witt-a.wav,"witt"
surfer-a.wav,"surfer"
twister-a.wav,"twister"
krupp-a.wav,"krupp"
paul-a.wav,"paul"
reed-a.wav,"reed"
dank-a.wav,"dank"
cormier-a.wav,"cormier"
racing fool-a.wav,"racing fool"
bazick-a.wav,"bazick"
brian-a.wav,"brian"
noodles-a.wav,"noodles"
final bee-a.wav,"final bee"
gott-a.wav,"gott"
lembi-a.wav,"lembi"
johnson-a.wav,"johnson"
android-a.wav,"android"
squirrel-a.wav,"squirrel"
foos-a.wav,"foos"
fearless-a.wav,"fearless"
tippy-a.wav,"tippy"
advent-a.wav,"advent"
lattaro-a.wav,"lattaro"
kauak-a.wav,"kauak"
kabob-a.wav,"kabob"
over the line-a.wav,"over the line"
pariden-a.wav,"pariden"
sasquatch-a.wav,"sasquatch"
el diablo-a.wav,"el diablo"
obscurer-a.wav,"obscurer"
dai-a.wav,"dai"
kev dog-a.wav,"kev dog"
bono-a.wav,"bono"
evil one-a.wav,"evil one"
reginald-a.wav,"reginald"
lanius-a.wav,"lanius"
minder-a.wav,"minder"
ozzy lot-a.wav,"ozzy lot"
rayman-a.wav,"rayman"
shy-a.wav,"shy"
thirteen-a.wav,"thirteen"
no fight-a.wav,"no fight"
jay-a.wav,"jay"
milli banter-a.wav,"milli banter"
nilaz-a.wav,"nilaz"
borez-a.wav,"borez"
dokey-a.wav,"dokey"
butts-a.wav,"butts"
crusty-a.wav,"crusty"
the seed-a.wav,"the seed"
wunde-a.wav,"wunde"
wursthorst-a.wav,"wursthorst"
kran-a.wav,"kran"
cockpit-a.wav,"cockpit"
sonique-a.wav,"sonique"
rigel-a.wav,"rigel"
si-a.wav,"si"
reaper-a.wav,"reaper"
plugs-a.wav,"plugs"
carbo-a.wav,"carbo"
pillars-a.wav,"pillars"
oppy-a.wav,"oppy"
tim-a.wav,"tim"
cal-a.wav,"cal"
marauder-a.wav,"marauder"
hondo-a.wav,"hondo"
funky gib-a.wav,"funky gib"
funky gib-a.wav,"funky gib"
bozzer-a.wav,"bozzer"
cons-a.wav,"cons"
spence-a.wav,"spence"
fraser-a.wav,"fraser"
phan-a.wav,"phan"
herzog-a.wav,"herzog"
plasa-a.wav,"plasa"
bergmann-a.wav,"bergmann"
mcallen-a.wav,"mcallen"
ben-david-a.wav,"ben-david"
teebow-a.wav,"teebow"
Ekstrom-a.wav,"Ekstrom"
tombay-a.wav,"tombay"
Lindstrom-a.wav,"Lindstrom"
de ast-a.wav,"de ast"
oh young-a.wav,"oh young"
Muller-a.wav,"Muller"
Di Resta-a.wav,"Di Resta"
van der Linde-a.wav,"van der Linde"
Stuck-a.wav,"Stuck"
lopez-a.wav,"lopez"
Ackerman-a.wav,"Ackerman"
felix da Costa-a.wav,"felix da Costa"
carlsson-a.wav,"carlsson"
illeco-a.wav,"illeco"
consumer-a.wav,"consumer"
the driver-a.wav,"the driver"
gone-a.wav,"gone"
mav-a.wav,"mav"
sludge-a.wav,"sludge"
ramjet-a.wav,"ramjet"
van dyke-a.wav,"van dyke"
kwang sun-a.wav,"kwang sun"
de clerk-a.wav,"de clerk"
dos santos-a.wav,"dos santos"
ramirez-a.wav,"ramirez"
linstrom-a.wav,"linstrom"
kozak-a.wav,"kozak"
johnson-a.wav,"johnson"
shin-a.wav,"shin"
deaf-a.wav,"deaf"
prin-a.wav,"prin"
aleonso-a.wav,"aleonso"
dani-a.wav,"dani"
francis-a.wav,"francis"
letom-a.wav,"letom"
tito-a.wav,"tito"
manolo-a.wav,"manolo"
pocho-a.wav,"pocho"
rocho-a.wav,"rocho"
fresquito-a.wav,"fresquito"
armanluki-a.wav,"armanluki"
danievo-a.wav,"danievo"
sirus-a.wav,"sirus"
falcon-a.wav,"falcon"
aka-a.wav,"aka"
felipito-a.wav,"felipito"
mau-a.wav,"mau"
barto-a.wav,"barto"
nokia-a.wav,"nokia"
harris-a.wav,"harris"
mago-a.wav,"mago"
pain killer-a.wav,"pain killer"
rally cup-a.wav,"rally cup"
senyor dee bee-a.wav,"senyor dee bee"
luigi-a.wav,"luigi"
arioch-a.wav,"arioch"
josep-a.wav,"josep"
erwin-a.wav,"erwin"
hype-a.wav,"hype"
gunter-a.wav,"gunter"
merlin-a.wav,"merlin"
six pack-a.wav,"six pack"
viper-a.wav,"viper"
dread nort-a.wav,"dread nort"
ek cree-a.wav,"ek cree"
merkel-a.wav,"merkel"
big ee-a.wav,"big ee"
borkovic-a.wav,"borkovic"
knezevic-a.wav,"knezevic"
Stefanovic-a.wav,"Stefanovic"
Bullitt-a.wav,"Bullitt"
Static-a.wav,"Static"
Clag Meister-a.wav,"Clag Meister"
Not Really-a.wav,"Not Really"
Chief Jedi-a.wav,"Chief Jedi"
flying spark-a.wav,"flying spark"
Kobus-a.wav,"Kobus"
Scott Mik-a.wav,"Scott Mik"
Sinister-a.wav,"Sinister"
Evil Monkey-a.wav,"Evil Monkey"
Blind Jesus-a.wav,"Blind Jesus"
Falcon-a.wav,"Falcon"
Near Fear-a.wav,"Near Fear"
Credence-a.wav,"Credence"
Jayden-a.wav,"Jayden"
Worthy-a.wav,"Worthy"
akrapovic-a.wav,"akrapovic"
akrapovic-a.wav,"akrapovic"
alban-a.wav,"alban"
co pirate-a.wav,"co pirate"
Gee tea Veevo-a.wav,"Gee tea Veevo"
guro-a.wav,"guro"
kaiser-a.wav,"kaiser"
cactus one-a.wav,"cactus one"
laurent-a.wav,"laurent"
dahu-a.wav,"dahu"
lionel-a.wav,"lionel"
lupara-a.wav,"lupara"
marty-a.wav,"marty"
master key-a.wav,"master key"
ogap-a.wav,"ogap"
payton-a.wav,"payton"
pistol-a.wav,"pistol"
sambat-a.wav,"sambat"
tea em race-a.wav,"tea em race"
reznor-a.wav,"reznor"
kamikaz-a.wav,"kamikaz"
tie-a.wav,"tie"
vaxou-a.wav,"vaxou"
zap-a.wav,"zap"
Big Oh-a.wav,"Big Oh"
tulky-a.wav,"tulky"
grim dad-a.wav,"grim dad"
tassy devil-a.wav,"tassy devil"
stiggy-a.wav,"stiggy"
fix-a.wav,"fix"
Willow-a.wav,"Willow"
ess vee oh-a.wav,"ess vee oh"
Band Camp-a.wav,"Band Camp"
shegurt-a.wav,"shegurt"
Neil-a.wav,"Neil"
Hamster-a.wav,"Hamster"
Falcon four-a.wav,"Falcon four"
Demps-a.wav,"Demps"
Chilli-a.wav,"Chilli"
Rat-a.wav,"Rat"
Adam-a.wav,"Adam"
Carl-a.wav,"Carl"
Crystal-a.wav,"Crystal"
Larry-a.wav,"Larry"
Liam-a.wav,"Liam"
Dee jay-a.wav,"Dee jay"
Dee jay-a.wav,"Dee jay"
Chev-a.wav,"Chev"
Andre-a.wav,"Andre"
Efi-a.wav,"Efi"
Lino-a.wav,"Lino"
Ian-a.wav,"Ian"
Erwin-a.wav,"Erwin"
Colin-a.wav,"Colin"
Smokey-a.wav,"Smokey"
Reginald-a.wav,"Reginald"
Falcon-a.wav,"Falcon"
xenon-a.wav,"xenon"
Doon-a.wav,"Doon"
Rasi-a.wav,"Rasi"
Carver-a.wav,"Carver"
Carver-a.wav,"Carver"
m carver-a.wav,"m carver"
marvin Z-a.wav,"marvin Z"
rarlith-a.wav,"rarlith"
Exile-a.wav,"Exile"
Sedoj-a.wav,"Sedoj"
toby zayah-a.wav,"toby zayah"
Salmon-a.wav,"Salmon"
Jet Pistol-a.wav,"Jet Pistol"
Falcon-a.wav,"Falcon"
Puff-a.wav,"Puff"
Today-a.wav,"Today"
Battenberg-a.wav,"Battenberg"
Pam-a.wav,"Pam"
Kabel-a.wav,"Kabel"
Gio-a.wav,"Gio"
Bumper Carrot-a.wav,"Bumper Carrot"
Bean-a.wav,"Bean"
Prune-a.wav,"Prune"
Photo-a.wav,"Photo"
Kay man-a.wav,"Kay man"
Kay lady-a.wav,"Kay lady"
Hob nob-a.wav,"Hob nob"
Spike-a.wav,"Spike"
Miagi-a.wav,"Miagi"
Nemeth-a.wav,"Nemeth"
Xion-a.wav,"Xion"
Slim-a.wav,"Slim"
Gopher-a.wav,"Gopher"
Mikey-a.wav,"Mikey"
Will-a.wav,"Will"
Jago-a.wav,"Jago"
Debug-a.wav,"Debug"
Zsolt-a.wav,"Zsolt"
Baggaley-a.wav,"Baggaley"
Crabby-a.wav,"Crabby"
Dama-a.wav,"Dama"
Carver-a.wav,"Carver"
Ash-a.wav,"Ash"
Marcie-a.wav,"Marcie"
Christodoulou-a.wav,"Christodoulou"
van jay-a.wav,"van jay"
bob-a.wav,"bob"
sergi-a.wav,"sergi"
uran-a.wav,"uran"
Dark-a.wav,"Dark"
rarmi boo-a.wav,"rarmi boo"
Touno-a.wav,"Touno"
Del Vayer-a.wav,"Del Vayer"
Goran-a.wav,"Goran"
Boo shay-a.wav,"Boo shay"
Yaga Time-a.wav,"Yaga Time"
Ess ay em gee-a.wav,"Ess ay em gee"
Ripp-a.wav,"Ripp"
Slow bloke-a.wav,"Slow bloke"
Mac kier nan-a.wav,"Mac kier nan"
Bateman-a.wav,"Bateman"
F one racer-a.wav,"F one racer"
brad-a.wav,"brad"
Tsegowits-a.wav,"Tsegowits"
Noibarger-a.wav,"Noibarger"
Youserli-a.wav,"Youserli"
Herb street-a.wav,"Herb street"
tie luke-a.wav,"tie luke"
kwakaman-a.wav,"kwakaman"
El Nano-a.wav,"El Nano"
Timo-a.wav,"Timo"
Adams-a.wav,"Adams"
Daniel-a.wav,"Daniel"
Kenny-a.wav,"Kenny"
Michael-a.wav,"Michael"
Thomas-a.wav,"Thomas"
Golfcab-a.wav,"Golfcab"
Fabster-a.wav,"Fabster"
Jabba-a.wav,"Jabba"
Session error-a.wav,"Session error"
René-a.wav,"René"
oege-a.wav,"oege"
Floppy h-a.wav,"Floppy h"
Miraculixx-a.wav,"Miraculixx"
Kahuna Loa-a.wav,"Kahuna Loa"
Mueller-a.wav,"Mueller"
haegele-a.wav,"haegele"
Dennis-a.wav,"Dennis"
Toni-a.wav,"Toni"
Andro-a.wav,"Andro"
monty-a.wav,"monty"
Kay bis-a.wav,"Kay bis"
davecam-a.wav,"davecam"
davecam-a.wav,"davecam"
SevenSmiles-a.wav,"SevenSmiles"
João-a.wav,"João"
Pedro-a.wav,"Pedro"
Lucas-a.wav,"Lucas"
Gabriel-a.wav,"Gabriel"
Miguel-a.wav,"Miguel"
Arthur-a.wav,"Arthur"
Davi-a.wav,"Davi"
Matheus-a.wav,"Matheus"
Enzo-a.wav,"Enzo"
Bernardo-a.wav,"Bernardo"
Rafael-a.wav,"Rafael"
Nicolas-a.wav,"Nicolas"
Gustavo-a.wav,"Gustavo"
Samuel-a.wav,"Samuel"
Daniel-a.wav,"Daniel"
Felipe-a.wav,"Felipe"
Guilherme-a.wav,"Guilherme"
Leonardo-a.wav,"Leonardo"
Eduardo-a.wav,"Eduardo"
Antônio-a.wav,"Antônio"
Bruno-a.wav,"Bruno"
Thiago-a.wav,"Thiago"
Vicente-a.wav,"Vicente"
Bento-a.wav,"Bento"
Francisco-a.wav,"Francisco"
Cauã-a.wav,"Cauã"
Henrique-a.wav,"Henrique"
Lorenzo-a.wav,"Lorenzo"
Lucca-a.wav,"Lucca"
Benjamin-a.wav,"Benjamin"
Isaac-a.wav,"Isaac"
Vitor-a.wav,"Vitor"
Emanuel-a.wav,"Emanuel"
Noah-a.wav,"Noah"
Gael-a.wav,"Gael"
Murilo-a.wav,"Murilo"
Heitor-a.wav,"Heitor"
Theo-a.wav,"Theo"
Joaquim-a.wav,"Joaquim"
Levi-a.wav,"Levi"
Enzo Gabriel-a.wav,"Enzo Gabriel"
João Miguel-a.wav,"João Miguel"
Enzo Gabriel-a.wav,"Enzo Gabriel"
Davi Lucca-a.wav,"Davi Lucca"
Pedro Henrique-a.wav,"Pedro Henrique"
Lucas Gabriel-a.wav,"Lucas Gabriel"
Miguel Henrique-a.wav,"Miguel Henrique"
João Vitor-a.wav,"João Vitor"
Davi Lucas-a.wav,"Davi Lucas"
Samuel Henrique-a.wav,"Samuel Henrique"
Arthur Miguel-a.wav,"Arthur Miguel"
Gustavo Henrique-a.wav,"Gustavo Henrique"
Felipe Gabriel-a.wav,"Felipe Gabriel"
Rafael Henrique-a.wav,"Rafael Henrique"
Daniel Henrique-a.wav,"Daniel Henrique"
Bruno Henrique-a.wav,"Bruno Henrique"
Thiago Henrique-a.wav,"Thiago Henrique"
João Pedro-a.wav,"João Pedro"
Pedro Lucas-a.wav,"Pedro Lucas"
Lucas Eduardo-a.wav,"Lucas Eduardo"
Gabriel Henrique-a.wav,"Gabriel Henrique"
Miguel Ângelo-a.wav,"Miguel Ângelo"
Davi Miguel-a.wav,"Davi Miguel"
Isaac Gabriel-a.wav,"Isaac Gabriel"
Noah Gabriel-a.wav,"Noah Gabriel"
Levi Gabriel-a.wav,"Levi Gabriel"
Enrico-a.wav,"Enrico"
Benício-a.wav,"Benício"
Otto-a.wav,"Otto"
Bryan-a.wav,"Bryan"
Caleb-a.wav,"Caleb"
Danilo-a.wav,"Danilo"
Diego-a.wav,"Diego"
Eric-a.wav,"Eric"
Fábio-a.wav,"Fábio"
Fernando-a.wav,"Fernando"
Giovanni-a.wav,"Giovanni"
Hugo-a.wav,"Hugo"
Igor-a.wav,"Igor"
Israel-a.wav,"Israel"
Jhonata-a.wav,"Jhonata"
Jorge-a.wav,"Jorge"
José-a.wav,"José"
Julio-a.wav,"Julio"
Kaique-a.wav,"Kaique"
Kevin-a.wav,"Kevin"
Kleber-a.wav,"Kleber"
Luan-a.wav,"Luan"
Marcos-a.wav,"Marcos"
Mario-a.wav,"Mario"
Mateus-a.wav,"Mateus"
Moisés-a.wav,"Moisés"
Nathan-a.wav,"Nathan"
Otávio-a.wav,"Otávio"
Paulo-a.wav,"Paulo"
Ramon-a.wav,"Ramon"
Renan-a.wav,"Renan"
Ricardo-a.wav,"Ricardo"
Rodrigo-a.wav,"Rodrigo"
Roger-a.wav,"Roger"
Ronaldo-a.wav,"Ronaldo"
Rubens-a.wav,"Rubens"
Ruan-a.wav,"Ruan"
Ryan-a.wav,"Ryan"
Salvador-a.wav,"Salvador"
Sandro-a.wav,"Sandro"
Saulo-a.wav,"Saulo"
Sérgio-a.wav,"Sérgio"
Sidney-a.wav,"Sidney"
Silvio-a.wav,"Silvio"
Tadeu-a.wav,"Tadeu"
Tales-a.wav,"Tales"
Tarcísio-a.wav,"Tarcísio"
Teo-a.wav,"Teo"
Tiago-a.wav,"Tiago"
Tobias-a.wav,"Tobias"
Ulisses-a.wav,"Ulisses"
Valter-a.wav,"Valter"
Victor Hugo-a.wav,"Victor Hugo"
Vinicius-a.wav,"Vinicius"
Wagner-a.wav,"Wagner"
Wallace-a.wav,"Wallace"
Wanderley-a.wav,"Wanderley"
Wellington-a.wav,"Wellington"
Weslley-a.wav,"Weslley"
Willian-a.wav,"Willian"
Wilson-a.wav,"Wilson"
Yuri-a.wav,"Yuri"
Zeca-a.wav,"Zeca"
Zélio-a.wav,"Zélio"
Zózimo-a.wav,"Zózimo"
Ademir-a.wav,"Ademir"
Adnan-a.wav,"Adnan"
Adriano-a.wav,"Adriano"
Afonso-a.wav,"Afonso"
Agnaldo-a.wav,"Agnaldo"
Airton-a.wav,"Airton"
Alberto-a.wav,"Alberto"
Alcides-a.wav,"Alcides"
Aldo-a.wav,"Aldo"
Alexandre-a.wav,"Alexandre"
Alfredo-a.wav,"Alfredo"
Aloísio-a.wav,"Aloísio"
Altair-a.wav,"Altair"
Altamiro-a.wav,"Altamiro"
Álvaro-a.wav,"Álvaro"
Amadeu-a.wav,"Amadeu"
Amadeu-a.wav,"Amadeu"
Américo-a.wav,"Américo"
Ananias-a.wav,"Ananias"
Anderson-a.wav,"Anderson"
André-a.wav,"André"
Ângelo-a.wav,"Ângelo"
Anísio-a.wav,"Anísio"
Aparecido-a.wav,"Aparecido"
Ari-a.wav,"Ari"
Arnaldo-a.wav,"Arnaldo"
Aroldo-a.wav,"Aroldo"
Artur-a.wav,"Artur"
Aílton-a.wav,"Aílton"
Breno-a.wav,"Breno"
Caio-a.wav,"Caio"
Cássio-a.wav,"Cássio"
Celso-a.wav,"Celso"
César-a.wav,"César"
Cláudio-a.wav,"Cláudio"
Clayton-a.wav,"Clayton"
Cristiano-a.wav,"Cristiano"
Dante-a.wav,"Dante"
Dario-a.wav,"Dario"
Décio-a.wav,"Décio"
Dênis-a.wav,"Dênis"
Edson-a.wav,"Edson"
Élcio-a.wav,"Élcio"
Elias-a.wav,"Elias"
Élton-a.wav,"Élton"
Emerson-a.wav,"Emerson"
Emílio-a.wav,"Emílio"
Eraldo-a.wav,"Eraldo"
Ermelindo-a.wav,"Ermelindo"
Ernesto-a.wav,"Ernesto"
Estevão-a.wav,"Estevão"
Eurico-a.wav,"Eurico"
Expedito-a.wav,"Expedito"
Ezequiel-a.wav,"Ezequiel"
Fabiano-a.wav,"Fabiano"
Faustino-a.wav,"Faustino"
Feliciano-a.wav,"Feliciano"
Felisberto-a.wav,"Felisberto"
Firmino-a.wav,"Firmino"
Flávio-a.wav,"Flávio"
Floriano-a.wav,"Floriano"
Geraldo-a.wav,"Geraldo"
Gerson-a.wav,"Gerson"
Gilberto-a.wav,"Gilberto"
Gilmar-a.wav,"Gilmar"
Gilson-a.wav,"Gilson"
Godofredo-a.wav,"Godofredo"
Gregório-a.wav,"Gregório"
Guilherme-a.wav,"Guilherme"
Gílson-a.wav,"Gílson"
Hamilton-a.wav,"Hamilton"
Hélio-a.wav,"Hélio"
Hermes-a.wav,"Hermes"
Heron-a.wav,"Heron"
Hildebrando-a.wav,"Hildebrando"
Homero-a.wav,"Homero"
Horácio-a.wav,"Horácio"
Humberto-a.wav,"Humberto"
Inácio-a.wav,"Inácio"
Iran-a.wav,"Iran"
Izaías-a.wav,"Izaías"
Jaci-a.wav,"Jaci"
Jaime-a.wav,"Jaime"
Jair-a.wav,"Jair"
Jairo-a.wav,"Jairo"
Jamerson-a.wav,"Jamerson"
Jandir-a.wav,"Jandir"
Jarbas-a.wav,"Jarbas"
Jasiel-a.wav,"Jasiel"
Jeremias-a.wav,"Jeremias"
Jessé-a.wav,"Jessé"
Joabe-a.wav,"Joabe"
Joel-a.wav,"Joel"
Jonatas-a.wav,"Jonatas"
Jonas-a.wav,"Jonas"
Joni-a.wav,"Joni"
Jordan-a.wav,"Jordan"
Josué-a.wav,"Josué"
Juan-a.wav,"Juan"
Jânio-a.wav,"Jânio"
Jeferson-a.wav,"Jeferson"
Jéfferson-a.wav,"Jéfferson"
Joaquim-a.wav,"Joaquim"
Joelmir-a.wav,"Joelmir"
Jonathas-a.wav,"Jonathas"
Jorge Luiz-a.wav,"Jorge Luiz"
Josias-a.wav,"Josias"
Josivaldo-a.wav,"Josivaldo"
Juliano-a.wav,"Juliano"
Jurandir-a.wav,"Jurandir"
Laércio-a.wav,"Laércio"
Laertes-a.wav,"Laertes"
Lauro-a.wav,"Lauro"
Lázaro-a.wav,"Lázaro"
Leandro-a.wav,"Leandro"
Lino-a.wav,"Lino"
Lívio-a.wav,"Lívio"
Loreno-a.wav,"Loreno"
Lourenço-a.wav,"Lourenço"
Luciano-a.wav,"Luciano"
Lúcio-a.wav,"Lúcio"
Ludgero-a.wav,"Ludgero"
Luiz-a.wav,"Luiz"
Lázaro-a.wav,"Lázaro"
Maicon-a.wav,"Maicon"
Malaquias-a.wav,"Malaquias"
Manoel-a.wav,"Manoel"
Marcel-a.wav,"Marcel"
Marcelo-a.wav,"Marcelo"
Marciano-a.wav,"Marciano"
Márcio-a.wav,"Márcio"
Maurício-a.wav,"Maurício"
Mauro-a.wav,"Mauro"
Messias-a.wav,"Messias"
Milton-a.wav,"Milton"
Mário-a.wav,"Mário"
Nélson-a.wav,"Nélson"
Nilson-a.wav,"Nilson"
Nivaldo-a.wav,"Nivaldo"
Norberto-a.wav,"Norberto"
Osmar-a.wav,"Osmar"
Osvaldo-a.wav,"Osvaldo"
Otacílio-a.wav,"Otacílio"
Otelo-a.wav,"Otelo"
Péricles-a.wav,"Péricles"
Plínio-a.wav,"Plínio"
Policarpo-a.wav,"Policarpo"
Porfírio-a.wav,"Porfírio"
Quirino-a.wav,"Quirino"
Quintino-a.wav,"Quintino"
Raul-a.wav,"Raul"
Reginaldo-a.wav,"Reginaldo"
Reinaldo-a.wav,"Reinaldo"
Renato-a.wav,"Renato"
Renê-a.wav,"Renê"
Rifael-a.wav,"Rifael"
Rivaldo-a.wav,"Rivaldo"
Roberto-a.wav,"Roberto"
Robson-a.wav,"Robson"
Roque-a.wav,"Roque"
Rosivaldo-a.wav,"Rosivaldo"
Rui-a.wav,"Rui"
Rômulo-a.wav,"Rômulo"
Sabino-a.wav,"Sabino"
Salomão-a.wav,"Salomão"
Sandro Luiz-a.wav,"Sandro Luiz"
Sebastião-a.wav,"Sebastião"
Severino-a.wav,"Severino"
Silvano-a.wav,"Silvano"
Simeão-a.wav,"Simeão"
Sílvio-a.wav,"Sílvio"
Sócrates-a.wav,"Sócrates"
Stenio-a.wav,"Stenio"
Tarcísio-a.wav,"Tarcísio"
Teodoro-a.wav,"Teodoro"
Tertuliano-a.wav,"Tertuliano"
Tibúrcio-a.wav,"Tibúrcio"
Tito-a.wav,"Tito"
Ubirajara-a.wav,"Ubirajara"
Ubiratan-a.wav,"Ubiratan"
Uilson-a.wav,"Uilson"
Valdemar-a.wav,"Valdemar"
Valdemir-a.wav,"Valdemir"
Valdir-a.wav,"Valdir"
Valentim-a.wav,"Valentim"
Valério-a.wav,"Valério"
Vanderlei-a.wav,"Vanderlei"
Venâncio-a.wav,"Venâncio"
Veríssimo-a.wav,"Veríssimo"
Virgílio-a.wav,"Virgílio"
Vital-a.wav,"Vital"
Vito-a.wav,"Vito"
Volney-a.wav,"Volney"
Waldir-a.wav,"Waldir"
Waldomiro-a.wav,"Waldomiro"
Wanderlei-a.wav,"Wanderlei"
Washington-a.wav,"Washington"
Wilson-a.wav,"Wilson"
Xavier-a.wav,"Xavier"
Zacarias-a.wav,"Zacarias"
Zelito-a.wav,"Zelito"
Zeno-a.wav,"Zeno"
Zulmiro.-a.wav,"Zulmiro."
Maria-a.wav,"Maria"
Ana-a.wav,"Ana"
Alice-a.wav,"Alice"
Laura-a.wav,"Laura"
Sofia-a.wav,"Sofia"
Helena-a.wav,"Helena"
Valentina-a.wav,"Valentina"
Lívia-a.wav,"Lívia"
Manuela-a.wav,"Manuela"
Isabella-a.wav,"Isabella"
Camila-a.wav,"Camila"
Larissa-a.wav,"Larissa"
Giovanna-a.wav,"Giovanna"
Beatriz-a.wav,"Beatriz"
Mariana-a.wav,"Mariana"
Júlia-a.wav,"Júlia"
Letícia-a.wav,"Letícia"
Fernanda-a.wav,"Fernanda"
Amanda-a.wav,"Amanda"
Carolina-a.wav,"Carolina"
Gabriela-a.wav,"Gabriela"
Vitória-a.wav,"Vitória"
Luiza-a.wav,"Luiza"
Clara-a.wav,"Clara"
Cecília-a.wav,"Cecília"
Eloá-a.wav,"Eloá"
Heloísa-a.wav,"Heloísa"
Maitê-a.wav,"Maitê"
Sarah-a.wav,"Sarah"
Liz-a.wav,"Liz"
Antonella-a.wav,"Antonella"
Luna-a.wav,"Luna"
Aurora-a.wav,"Aurora"
Rebeca-a.wav,"Rebeca"
Brenda-a.wav,"Brenda"
Yasmin-a.wav,"Yasmin"
Lorena-a.wav,"Lorena"
Rafaela-a.wav,"Rafaela"
Isadora-a.wav,"Isadora"
Emilly-a.wav,"Emilly"
Milena-a.wav,"Milena"
Nicole-a.wav,"Nicole"
Alícia-a.wav,"Alícia"
Olívia-a.wav,"Olívia"
Sophie-a.wav,"Sophie"
Stella-a.wav,"Stella"
Lavínia-a.wav,"Lavínia"
Elisa-a.wav,"Elisa"
Melissa-a.wav,"Melissa"
Isabel-a.wav,"Isabel"
Mirella-a.wav,"Mirella"
Agatha-a.wav,"Agatha"
Esther-a.wav,"Esther"
Sophia-a.wav,"Sophia"
Evelyn-a.wav,"Evelyn"
Bruna-a.wav,"Bruna"
Marcela-a.wav,"Marcela"
Patrícia-a.wav,"Patrícia"
Paula-a.wav,"Paula"
Tainá-a.wav,"Tainá"
Érica-a.wav,"Érica"
Cíntia-a.wav,"Cíntia"
Daiane-a.wav,"Daiane"
Débora-a.wav,"Débora"
Daniela-a.wav,"Daniela"
Eliana-a.wav,"Eliana"
Fabiana-a.wav,"Fabiana"
Flávia-a.wav,"Flávia"
Gláucia-a.wav,"Gláucia"
Helena-a.wav,"Helena"
Iara-a.wav,"Iara"
Ingrid-a.wav,"Ingrid"
Jade-a.wav,"Jade"
Janaína-a.wav,"Janaína"
Jaqueline-a.wav,"Jaqueline"
Jéssica-a.wav,"Jéssica"
Joana-a.wav,"Joana"
Juliana-a.wav,"Juliana"
Karina-a.wav,"Karina"
Kátia-a.wav,"Kátia"
Laís-a.wav,"Laís"
Laila-a.wav,"Laila"
Lara-a.wav,"Lara"
Lígia-a.wav,"Lígia"
Lisandra-a.wav,"Lisandra"
Luana-a.wav,"Luana"
Márcia-a.wav,"Márcia"
Mônica-a.wav,"Mônica"
Natália-a.wav,"Natália"
Paloma-a.wav,"Paloma"
Priscila-a.wav,"Priscila"
Raquel-a.wav,"Raquel"
Renata-a.wav,"Renata"
Roberta-a.wav,"Roberta"
Sabrina-a.wav,"Sabrina"
Samanta-a.wav,"Samanta"
Simone-a.wav,"Simone"
Suzana-a.wav,"Suzana"
Tatiane-a.wav,"Tatiane"
Thais-a.wav,"Thais"
Valéria-a.wav,"Valéria"
Vanessa-a.wav,"Vanessa"
Vera-a.wav,"Vera"
Vivian-a.wav,"Vivian"
Yara-a.wav,"Yara"
Zélia-a.wav,"Zélia"
Adriele-a.wav,"Adriele"
Ágata-a.wav,"Ágata"
Aída-a.wav,"Aída"
Albertina-a.wav,"Albertina"
Alcione-a.wav,"Alcione"
Alda-a.wav,"Alda"
Alana-a.wav,"Alana"
Alessandra-a.wav,"Alessandra"
Aline-a.wav,"Aline"
Alana-a.wav,"Alana"
Amália-a.wav,"Amália"
Amélia-a.wav,"Amélia"
Analice-a.wav,"Analice"
Anastácia-a.wav,"Anastácia"
Andreia-a.wav,"Andreia"
Ângela-a.wav,"Ângela"
Antônia-a.wav,"Antônia"
Aparecida-a.wav,"Aparecida"
Áurea-a.wav,"Áurea"
Benedita-a.wav,"Benedita"
Bianca-a.wav,"Bianca"
Carla-a.wav,"Carla"
Carmem-a.wav,"Carmem"
Celeste-a.wav,"Celeste"
Célia-a.wav,"Célia"
Cleide-a.wav,"Cleide"
Clotilde-a.wav,"Clotilde"
Creuza-a.wav,"Creuza"
Cristiane-a.wav,"Cristiane"
Célia Regina-a.wav,"Célia Regina"
Dalva-a.wav,"Dalva"
Dayane-a.wav,"Dayane"
Denise-a.wav,"Denise"
Diana-a.wav,"Diana"
Dirce-a.wav,"Dirce"
Doraci-a.wav,"Doraci"
Dulce-a.wav,"Dulce"
Edenir-a.wav,"Edenir"
Edna-a.wav,"Edna"
Ednéia-a.wav,"Ednéia"
Elaine-a.wav,"Elaine"
Eliane-a.wav,"Eliane"
Elisabete-a.wav,"Elisabete"
Eloísa-a.wav,"Eloísa"
Eni-a.wav,"Eni"
Ericka-a.wav,"Ericka"
Eunice-a.wav,"Eunice"
Fátima-a.wav,"Fátima"
Felícia-a.wav,"Felícia"
Filomena-a.wav,"Filomena"
Franciele-a.wav,"Franciele"
Francine-a.wav,"Francine"
Francisca-a.wav,"Francisca"
Gisele-a.wav,"Gisele"
Graça-a.wav,"Graça"
Grasiela-a.wav,"Grasiela"
Guiomar-a.wav,"Guiomar"
Guta-a.wav,"Guta"
Hadassa-a.wav,"Hadassa"
Haydee-a.wav,"Haydee"
Idalina-a.wav,"Idalina"
Ieda-a.wav,"Ieda"
Ilma-a.wav,"Ilma"
Inês-a.wav,"Inês"
Iolanda-a.wav,"Iolanda"
Iracema-a.wav,"Iracema"
Irene-a.wav,"Irene"
Íris-a.wav,"Íris"
Ivana-a.wav,"Ivana"
Ivete-a.wav,"Ivete"
Ivone-a.wav,"Ivone"
Jandira-a.wav,"Jandira"
Janete-a.wav,"Janete"
Janice-a.wav,"Janice"
Jeciane-a.wav,"Jeciane"
Jenifer-a.wav,"Jenifer"
Joceli-a.wav,"Joceli"
Joelma-a.wav,"Joelma"
Josiane-a.wav,"Josiane"
Joyce-a.wav,"Joyce"
Judite-a.wav,"Judite"
Jurema-a.wav,"Jurema"
Jussara-a.wav,"Jussara"
Kaliane-a.wav,"Kaliane"
Kelly-a.wav,"Kelly"
Kezia-a.wav,"Kezia"
Kátia Cilene-a.wav,"Kátia Cilene"
Leda-a.wav,"Leda"
Leila-a.wav,"Leila"
Leiliane-a.wav,"Leiliane"
Leônia-a.wav,"Leônia"
Letícia-a.wav,"Letícia"
Liana-a.wav,"Liana"
Liliana-a.wav,"Liliana"
Lindalva-a.wav,"Lindalva"
Luciana-a.wav,"Luciana"
Lucilene-a.wav,"Lucilene"
Luzia-a.wav,"Luzia"
Lúcia-a.wav,"Lúcia"
Maísa-a.wav,"Maísa"
Mara-a.wav,"Mara"
Marli-a.wav,"Marli"
Marta-a.wav,"Marta"
Miriam-a.wav,"Miriam"
Nadir-a.wav,"Nadir"
Nair-a.wav,"Nair"
Neide-a.wav,"Neide"
Nilda-a.wav,"Nilda"
Nívea-a.wav,"Nívea"
Noemi-a.wav,"Noemi"
Norma-a.wav,"Norma"
Odete-a.wav,"Odete"
Ondina-a.wav,"Ondina"
Orlanda-a.wav,"Orlanda"
Osvaldina-a.wav,"Osvaldina"
Penha-a.wav,"Penha"
Perpétua-a.wav,"Perpétua"
Quitéria-a.wav,"Quitéria"
Raimunda-a.wav,"Raimunda"
Regina-a.wav,"Regina"
Rosana-a.wav,"Rosana"
Roseli-a.wav,"Roseli"
Rosemeire-a.wav,"Rosemeire"
Rosângela-a.wav,"Rosângela"
Rute-a.wav,"Rute"
Sônia-a.wav,"Sônia"
Selma-a.wav,"Selma"
Sheila-a.wav,"Sheila"
Shirley-a.wav,"Shirley"
Sidnéia-a.wav,"Sidnéia"
Silvana-a.wav,"Silvana"
Silvia-a.wav,"Silvia"
Sirlene-a.wav,"Sirlene"
Solange-a.wav,"Solange"
Sueli-a.wav,"Sueli"
Suelen-a.wav,"Suelen"
Tânia-a.wav,"Tânia"
Telma-a.wav,"Telma"
Teresa-a.wav,"Teresa"
Tereza-a.wav,"Tereza"
Thaís-a.wav,"Thaís"
Valdete-a.wav,"Valdete"
Valquíria-a.wav,"Valquíria"
Vanda-a.wav,"Vanda"
Vanderleia-a.wav,"Vanderleia"
Vanusa-a.wav,"Vanusa"
Vilma-a.wav,"Vilma"
Virginia-a.wav,"Virginia"
Viviane-a.wav,"Viviane"
Walquiria-a.wav,"Walquiria"
Wanda-a.wav,"Wanda"
Wilma-a.wav,"Wilma"
Xênia-a.wav,"Xênia"
Yolanda-a.wav,"Yolanda"
Zélia-a.wav,"Zélia"
Zilda-a.wav,"Zilda"
Zuleica-a.wav,"Zuleica"
Fantozzi-a.wav,"Fantozzi"
Aletony-a.wav,"Aletony"
